Fecha_Key,FechaCompleta,anio,Mes,DiaDeMes,DiaDeSemana
20200101,1/1/2020,2020,1,1,3
20200102,2/1/2020,2020,1,2,4
20200103,3/1/2020,2020,1,3,5
20200104,4/1/2020,2020,1,4,6
20200105,5/1/2020,2020,1,5,7
20200106,6/1/2020,2020,1,6,1
20200107,7/1/2020,2020,1,7,2
20200108,8/1/2020,2020,1,8,3
20200109,9/1/2020,2020,1,9,4
20200110,10/1/2020,2020,1,10,5
20200111,11/1/2020,2020,1,11,6
20200112,12/1/2020,2020,1,12,7
20200113,13/1/2020,2020,1,13,1
20200114,14/1/2020,2020,1,14,2
20200115,15/1/2020,2020,1,15,3
20200116,16/1/2020,2020,1,16,4
20200117,17/1/2020,2020,1,17,5
20200118,18/1/2020,2020,1,18,6
20200119,19/1/2020,2020,1,19,7
20200120,20/1/2020,2020,1,20,1
20200121,21/1/2020,2020,1,21,2
20200122,22/1/2020,2020,1,22,3
20200123,23/1/2020,2020,1,23,4
20200124,24/1/2020,2020,1,24,5
20200125,25/1/2020,2020,1,25,6
20200126,26/1/2020,2020,1,26,7
20200127,27/1/2020,2020,1,27,1
20200128,28/1/2020,2020,1,28,2
20200129,29/1/2020,2020,1,29,3
20200130,30/1/2020,2020,1,30,4
20200131,31/1/2020,2020,1,31,5
20200201,1/2/2020,2020,2,1,6
20200202,2/2/2020,2020,2,2,7
20200203,3/2/2020,2020,2,3,1
20200204,4/2/2020,2020,2,4,2
20200205,5/2/2020,2020,2,5,3
20200206,6/2/2020,2020,2,6,4
20200207,7/2/2020,2020,2,7,5
20200208,8/2/2020,2020,2,8,6
20200209,9/2/2020,2020,2,9,7
20200210,10/2/2020,2020,2,10,1
20200211,11/2/2020,2020,2,11,2
20200212,12/2/2020,2020,2,12,3
20200213,13/2/2020,2020,2,13,4
20200214,14/2/2020,2020,2,14,5
20200215,15/2/2020,2020,2,15,6
20200216,16/2/2020,2020,2,16,7
20200217,17/2/2020,2020,2,17,1
20200218,18/2/2020,2020,2,18,2
20200219,19/2/2020,2020,2,19,3
20200220,20/2/2020,2020,2,20,4
20200221,21/2/2020,2020,2,21,5
20200222,22/2/2020,2020,2,22,6
20200223,23/2/2020,2020,2,23,7
20200224,24/2/2020,2020,2,24,1
20200225,25/2/2020,2020,2,25,2
20200226,26/2/2020,2020,2,26,3
20200227,27/2/2020,2020,2,27,4
20200228,28/2/2020,2020,2,28,5
20200229,29/2/2020,2020,2,29,6
20200301,1/3/2020,2020,3,1,7
20200302,2/3/2020,2020,3,2,1
20200303,3/3/2020,2020,3,3,2
20200304,4/3/2020,2020,3,4,3
20200305,5/3/2020,2020,3,5,4
20200306,6/3/2020,2020,3,6,5
20200307,7/3/2020,2020,3,7,6
20200308,8/3/2020,2020,3,8,7
20200309,9/3/2020,2020,3,9,1
20200310,10/3/2020,2020,3,10,2
20200311,11/3/2020,2020,3,11,3
20200312,12/3/2020,2020,3,12,4
20200313,13/3/2020,2020,3,13,5
20200314,14/3/2020,2020,3,14,6
20200315,15/3/2020,2020,3,15,7
20200316,16/3/2020,2020,3,16,1
20200317,17/3/2020,2020,3,17,2
20200318,18/3/2020,2020,3,18,3
20200319,19/3/2020,2020,3,19,4
20200320,20/3/2020,2020,3,20,5
20200321,21/3/2020,2020,3,21,6
20200322,22/3/2020,2020,3,22,7
20200323,23/3/2020,2020,3,23,1
20200324,24/3/2020,2020,3,24,2
20200325,25/3/2020,2020,3,25,3
20200326,26/3/2020,2020,3,26,4
20200327,27/3/2020,2020,3,27,5
20200328,28/3/2020,2020,3,28,6
20200329,29/3/2020,2020,3,29,7
20200330,30/3/2020,2020,3,30,1
20200331,31/3/2020,2020,3,31,2
20200401,1/4/2020,2020,4,1,3
20200402,2/4/2020,2020,4,2,4
20200403,3/4/2020,2020,4,3,5
20200404,4/4/2020,2020,4,4,6
20200405,5/4/2020,2020,4,5,7
20200406,6/4/2020,2020,4,6,1
20200407,7/4/2020,2020,4,7,2
20200408,8/4/2020,2020,4,8,3
20200409,9/4/2020,2020,4,9,4
20200410,10/4/2020,2020,4,10,5
20200411,11/4/2020,2020,4,11,6
20200412,12/4/2020,2020,4,12,7
20200413,13/4/2020,2020,4,13,1
20200414,14/4/2020,2020,4,14,2
20200415,15/4/2020,2020,4,15,3
20200416,16/4/2020,2020,4,16,4
20200417,17/4/2020,2020,4,17,5
20200418,18/4/2020,2020,4,18,6
20200419,19/4/2020,2020,4,19,7
20200420,20/4/2020,2020,4,20,1
20200421,21/4/2020,2020,4,21,2
20200422,22/4/2020,2020,4,22,3
20200423,23/4/2020,2020,4,23,4
20200424,24/4/2020,2020,4,24,5
20200425,25/4/2020,2020,4,25,6
20200426,26/4/2020,2020,4,26,7
20200427,27/4/2020,2020,4,27,1
20200428,28/4/2020,2020,4,28,2
20200429,29/4/2020,2020,4,29,3
20200430,30/4/2020,2020,4,30,4
20200501,1/5/2020,2020,5,1,5
20200502,2/5/2020,2020,5,2,6
20200503,3/5/2020,2020,5,3,7
20200504,4/5/2020,2020,5,4,1
20200505,5/5/2020,2020,5,5,2
20200506,6/5/2020,2020,5,6,3
20200507,7/5/2020,2020,5,7,4
20200508,8/5/2020,2020,5,8,5
20200509,9/5/2020,2020,5,9,6
20200510,10/5/2020,2020,5,10,7
20200511,11/5/2020,2020,5,11,1
20200512,12/5/2020,2020,5,12,2
20200513,13/5/2020,2020,5,13,3
20200514,14/5/2020,2020,5,14,4
20200515,15/5/2020,2020,5,15,5
20200516,16/5/2020,2020,5,16,6
20200517,17/5/2020,2020,5,17,7
20200518,18/5/2020,2020,5,18,1
20200519,19/5/2020,2020,5,19,2
20200520,20/5/2020,2020,5,20,3
20200521,21/5/2020,2020,5,21,4
20200522,22/5/2020,2020,5,22,5
20200523,23/5/2020,2020,5,23,6
20200524,24/5/2020,2020,5,24,7
20200525,25/5/2020,2020,5,25,1
20200526,26/5/2020,2020,5,26,2
20200527,27/5/2020,2020,5,27,3
20200528,28/5/2020,2020,5,28,4
20200529,29/5/2020,2020,5,29,5
20200530,30/5/2020,2020,5,30,6
20200531,31/5/2020,2020,5,31,7
20200601,1/6/2020,2020,6,1,1
20200602,2/6/2020,2020,6,2,2
20200603,3/6/2020,2020,6,3,3
20200604,4/6/2020,2020,6,4,4
20200605,5/6/2020,2020,6,5,5
20200606,6/6/2020,2020,6,6,6
20200607,7/6/2020,2020,6,7,7
20200608,8/6/2020,2020,6,8,1
20200609,9/6/2020,2020,6,9,2
20200610,10/6/2020,2020,6,10,3
20200611,11/6/2020,2020,6,11,4
20200612,12/6/2020,2020,6,12,5
20200613,13/6/2020,2020,6,13,6
20200614,14/6/2020,2020,6,14,7
20200615,15/6/2020,2020,6,15,1
20200616,16/6/2020,2020,6,16,2
20200617,17/6/2020,2020,6,17,3
20200618,18/6/2020,2020,6,18,4
20200619,19/6/2020,2020,6,19,5
20200620,20/6/2020,2020,6,20,6
20200621,21/6/2020,2020,6,21,7
20200622,22/6/2020,2020,6,22,1
20200623,23/6/2020,2020,6,23,2
20200624,24/6/2020,2020,6,24,3
20200625,25/6/2020,2020,6,25,4
20200626,26/6/2020,2020,6,26,5
20200627,27/6/2020,2020,6,27,6
20200628,28/6/2020,2020,6,28,7
20200629,29/6/2020,2020,6,29,1
20200630,30/6/2020,2020,6,30,2
20200701,1/7/2020,2020,7,1,3
20200702,2/7/2020,2020,7,2,4
20200703,3/7/2020,2020,7,3,5
20200704,4/7/2020,2020,7,4,6
20200705,5/7/2020,2020,7,5,7
20200706,6/7/2020,2020,7,6,1
20200707,7/7/2020,2020,7,7,2
20200708,8/7/2020,2020,7,8,3
20200709,9/7/2020,2020,7,9,4
20200710,10/7/2020,2020,7,10,5
20200711,11/7/2020,2020,7,11,6
20200712,12/7/2020,2020,7,12,7
20200713,13/7/2020,2020,7,13,1
20200714,14/7/2020,2020,7,14,2
20200715,15/7/2020,2020,7,15,3
20200716,16/7/2020,2020,7,16,4
20200717,17/7/2020,2020,7,17,5
20200718,18/7/2020,2020,7,18,6
20200719,19/7/2020,2020,7,19,7
20200720,20/7/2020,2020,7,20,1
20200721,21/7/2020,2020,7,21,2
20200722,22/7/2020,2020,7,22,3
20200723,23/7/2020,2020,7,23,4
20200724,24/7/2020,2020,7,24,5
20200725,25/7/2020,2020,7,25,6
20200726,26/7/2020,2020,7,26,7
20200727,27/7/2020,2020,7,27,1
20200728,28/7/2020,2020,7,28,2
20200729,29/7/2020,2020,7,29,3
20200730,30/7/2020,2020,7,30,4
20200731,31/7/2020,2020,7,31,5
20200801,1/8/2020,2020,8,1,6
20200802,2/8/2020,2020,8,2,7
20200803,3/8/2020,2020,8,3,1
20200804,4/8/2020,2020,8,4,2
20200805,5/8/2020,2020,8,5,3
20200806,6/8/2020,2020,8,6,4
20200807,7/8/2020,2020,8,7,5
20200808,8/8/2020,2020,8,8,6
20200809,9/8/2020,2020,8,9,7
20200810,10/8/2020,2020,8,10,1
20200811,11/8/2020,2020,8,11,2
20200812,12/8/2020,2020,8,12,3
20200813,13/8/2020,2020,8,13,4
20200814,14/8/2020,2020,8,14,5
20200815,15/8/2020,2020,8,15,6
20200816,16/8/2020,2020,8,16,7
20200817,17/8/2020,2020,8,17,1
20200818,18/8/2020,2020,8,18,2
20200819,19/8/2020,2020,8,19,3
20200820,20/8/2020,2020,8,20,4
20200821,21/8/2020,2020,8,21,5
20200822,22/8/2020,2020,8,22,6
20200823,23/8/2020,2020,8,23,7
20200824,24/8/2020,2020,8,24,1
20200825,25/8/2020,2020,8,25,2
20200826,26/8/2020,2020,8,26,3
20200827,27/8/2020,2020,8,27,4
20200828,28/8/2020,2020,8,28,5
20200829,29/8/2020,2020,8,29,6
20200830,30/8/2020,2020,8,30,7
20200831,31/8/2020,2020,8,31,1
20200901,1/9/2020,2020,9,1,2
20200902,2/9/2020,2020,9,2,3
20200903,3/9/2020,2020,9,3,4
20200904,4/9/2020,2020,9,4,5
20200905,5/9/2020,2020,9,5,6
20200906,6/9/2020,2020,9,6,7
20200907,7/9/2020,2020,9,7,1
20200908,8/9/2020,2020,9,8,2
20200909,9/9/2020,2020,9,9,3
20200910,10/9/2020,2020,9,10,4
20200911,11/9/2020,2020,9,11,5
20200912,12/9/2020,2020,9,12,6
20200913,13/9/2020,2020,9,13,7
20200914,14/9/2020,2020,9,14,1
20200915,15/9/2020,2020,9,15,2
20200916,16/9/2020,2020,9,16,3
20200917,17/9/2020,2020,9,17,4
20200918,18/9/2020,2020,9,18,5
20200919,19/9/2020,2020,9,19,6
20200920,20/9/2020,2020,9,20,7
20200921,21/9/2020,2020,9,21,1
20200922,22/9/2020,2020,9,22,2
20200923,23/9/2020,2020,9,23,3
20200924,24/9/2020,2020,9,24,4
20200925,25/9/2020,2020,9,25,5
20200926,26/9/2020,2020,9,26,6
20200927,27/9/2020,2020,9,27,7
20200928,28/9/2020,2020,9,28,1
20200929,29/9/2020,2020,9,29,2
20200930,30/9/2020,2020,9,30,3
20201001,1/10/2020,2020,10,1,4
20201002,2/10/2020,2020,10,2,5
20201003,3/10/2020,2020,10,3,6
20201004,4/10/2020,2020,10,4,7
20201005,5/10/2020,2020,10,5,1
20201006,6/10/2020,2020,10,6,2
20201007,7/10/2020,2020,10,7,3
20201008,8/10/2020,2020,10,8,4
20201009,9/10/2020,2020,10,9,5
20201010,10/10/2020,2020,10,10,6
20201011,11/10/2020,2020,10,11,7
20201012,12/10/2020,2020,10,12,1
20201013,13/10/2020,2020,10,13,2
20201014,14/10/2020,2020,10,14,3
20201015,15/10/2020,2020,10,15,4
20201016,16/10/2020,2020,10,16,5
20201017,17/10/2020,2020,10,17,6
20201018,18/10/2020,2020,10,18,7
20201019,19/10/2020,2020,10,19,1
20201020,20/10/2020,2020,10,20,2
20201021,21/10/2020,2020,10,21,3
20201022,22/10/2020,2020,10,22,4
20201023,23/10/2020,2020,10,23,5
20201024,24/10/2020,2020,10,24,6
20201025,25/10/2020,2020,10,25,7
20201026,26/10/2020,2020,10,26,1
20201027,27/10/2020,2020,10,27,2
20201028,28/10/2020,2020,10,28,3
20201029,29/10/2020,2020,10,29,4
20201030,30/10/2020,2020,10,30,5
20201031,31/10/2020,2020,10,31,6
20201101,1/11/2020,2020,11,1,7
20201102,2/11/2020,2020,11,2,1
20201103,3/11/2020,2020,11,3,2
20201104,4/11/2020,2020,11,4,3
20201105,5/11/2020,2020,11,5,4
20201106,6/11/2020,2020,11,6,5
20201107,7/11/2020,2020,11,7,6
20201108,8/11/2020,2020,11,8,7
20201109,9/11/2020,2020,11,9,1
20201110,10/11/2020,2020,11,10,2
20201111,11/11/2020,2020,11,11,3
20201112,12/11/2020,2020,11,12,4
20201113,13/11/2020,2020,11,13,5
20201114,14/11/2020,2020,11,14,6
20201115,15/11/2020,2020,11,15,7
20201116,16/11/2020,2020,11,16,1
20201117,17/11/2020,2020,11,17,2
20201118,18/11/2020,2020,11,18,3
20201119,19/11/2020,2020,11,19,4
20201120,20/11/2020,2020,11,20,5
20201121,21/11/2020,2020,11,21,6
20201122,22/11/2020,2020,11,22,7
20201123,23/11/2020,2020,11,23,1
20201124,24/11/2020,2020,11,24,2
20201125,25/11/2020,2020,11,25,3
20201126,26/11/2020,2020,11,26,4
20201127,27/11/2020,2020,11,27,5
20201128,28/11/2020,2020,11,28,6
20201129,29/11/2020,2020,11,29,7
20201130,30/11/2020,2020,11,30,1
20201201,1/12/2020,2020,12,1,2
20201202,2/12/2020,2020,12,2,3
20201203,3/12/2020,2020,12,3,4
20201204,4/12/2020,2020,12,4,5
20201205,5/12/2020,2020,12,5,6
20201206,6/12/2020,2020,12,6,7
20201207,7/12/2020,2020,12,7,1
20201208,8/12/2020,2020,12,8,2
20201209,9/12/2020,2020,12,9,3
20201210,10/12/2020,2020,12,10,4
20201211,11/12/2020,2020,12,11,5
20201212,12/12/2020,2020,12,12,6
20201213,13/12/2020,2020,12,13,7
20201214,14/12/2020,2020,12,14,1
20201215,15/12/2020,2020,12,15,2
20201216,16/12/2020,2020,12,16,3
20201217,17/12/2020,2020,12,17,4
20201218,18/12/2020,2020,12,18,5
20201219,19/12/2020,2020,12,19,6
20201220,20/12/2020,2020,12,20,7
20201221,21/12/2020,2020,12,21,1
20201222,22/12/2020,2020,12,22,2
20201223,23/12/2020,2020,12,23,3
20201224,24/12/2020,2020,12,24,4
20201225,25/12/2020,2020,12,25,5
20201226,26/12/2020,2020,12,26,6
20201227,27/12/2020,2020,12,27,7
20201228,28/12/2020,2020,12,28,1
20201229,29/12/2020,2020,12,29,2
20201230,30/12/2020,2020,12,30,3
20201231,31/12/2020,2020,12,31,4
20210101,1/1/2021,2021,1,1,5
20210102,2/1/2021,2021,1,2,6
20210103,3/1/2021,2021,1,3,7
20210104,4/1/2021,2021,1,4,1
20210105,5/1/2021,2021,1,5,2
20210106,6/1/2021,2021,1,6,3
20210107,7/1/2021,2021,1,7,4
20210108,8/1/2021,2021,1,8,5
20210109,9/1/2021,2021,1,9,6
20210110,10/1/2021,2021,1,10,7
20210111,11/1/2021,2021,1,11,1
20210112,12/1/2021,2021,1,12,2
20210113,13/1/2021,2021,1,13,3
20210114,14/1/2021,2021,1,14,4
20210115,15/1/2021,2021,1,15,5
20210116,16/1/2021,2021,1,16,6
20210117,17/1/2021,2021,1,17,7
20210118,18/1/2021,2021,1,18,1
20210119,19/1/2021,2021,1,19,2
20210120,20/1/2021,2021,1,20,3
20210121,21/1/2021,2021,1,21,4
20210122,22/1/2021,2021,1,22,5
20210123,23/1/2021,2021,1,23,6
20210124,24/1/2021,2021,1,24,7
20210125,25/1/2021,2021,1,25,1
20210126,26/1/2021,2021,1,26,2
20210127,27/1/2021,2021,1,27,3
20210128,28/1/2021,2021,1,28,4
20210129,29/1/2021,2021,1,29,5
20210130,30/1/2021,2021,1,30,6
20210131,31/1/2021,2021,1,31,7
20210201,1/2/2021,2021,2,1,1
20210202,2/2/2021,2021,2,2,2
20210203,3/2/2021,2021,2,3,3
20210204,4/2/2021,2021,2,4,4
20210205,5/2/2021,2021,2,5,5
20210206,6/2/2021,2021,2,6,6
20210207,7/2/2021,2021,2,7,7
20210208,8/2/2021,2021,2,8,1
20210209,9/2/2021,2021,2,9,2
20210210,10/2/2021,2021,2,10,3
20210211,11/2/2021,2021,2,11,4
20210212,12/2/2021,2021,2,12,5
20210213,13/2/2021,2021,2,13,6
20210214,14/2/2021,2021,2,14,7
20210215,15/2/2021,2021,2,15,1
20210216,16/2/2021,2021,2,16,2
20210217,17/2/2021,2021,2,17,3
20210218,18/2/2021,2021,2,18,4
20210219,19/2/2021,2021,2,19,5
20210220,20/2/2021,2021,2,20,6
20210221,21/2/2021,2021,2,21,7
20210222,22/2/2021,2021,2,22,1
20210223,23/2/2021,2021,2,23,2
20210224,24/2/2021,2021,2,24,3
20210225,25/2/2021,2021,2,25,4
20210226,26/2/2021,2021,2,26,5
20210227,27/2/2021,2021,2,27,6
20210228,28/2/2021,2021,2,28,7
20210301,1/3/2021,2021,3,1,1
20210302,2/3/2021,2021,3,2,2
20210303,3/3/2021,2021,3,3,3
20210304,4/3/2021,2021,3,4,4
20210305,5/3/2021,2021,3,5,5
20210306,6/3/2021,2021,3,6,6
20210307,7/3/2021,2021,3,7,7
20210308,8/3/2021,2021,3,8,1
20210309,9/3/2021,2021,3,9,2
20210310,10/3/2021,2021,3,10,3
20210311,11/3/2021,2021,3,11,4
20210312,12/3/2021,2021,3,12,5
20210313,13/3/2021,2021,3,13,6
20210314,14/3/2021,2021,3,14,7
20210315,15/3/2021,2021,3,15,1
20210316,16/3/2021,2021,3,16,2
20210317,17/3/2021,2021,3,17,3
20210318,18/3/2021,2021,3,18,4
20210319,19/3/2021,2021,3,19,5
20210320,20/3/2021,2021,3,20,6
20210321,21/3/2021,2021,3,21,7
20210322,22/3/2021,2021,3,22,1
20210323,23/3/2021,2021,3,23,2
20210324,24/3/2021,2021,3,24,3
20210325,25/3/2021,2021,3,25,4
20210326,26/3/2021,2021,3,26,5
20210327,27/3/2021,2021,3,27,6
20210328,28/3/2021,2021,3,28,7
20210329,29/3/2021,2021,3,29,1
20210330,30/3/2021,2021,3,30,2
20210331,31/3/2021,2021,3,31,3
20210401,1/4/2021,2021,4,1,4
20210402,2/4/2021,2021,4,2,5
20210403,3/4/2021,2021,4,3,6
20210404,4/4/2021,2021,4,4,7
20210405,5/4/2021,2021,4,5,1
20210406,6/4/2021,2021,4,6,2
20210407,7/4/2021,2021,4,7,3
20210408,8/4/2021,2021,4,8,4
20210409,9/4/2021,2021,4,9,5
20210410,10/4/2021,2021,4,10,6
20210411,11/4/2021,2021,4,11,7
20210412,12/4/2021,2021,4,12,1
20210413,13/4/2021,2021,4,13,2
20210414,14/4/2021,2021,4,14,3
20210415,15/4/2021,2021,4,15,4
20210416,16/4/2021,2021,4,16,5
20210417,17/4/2021,2021,4,17,6
20210418,18/4/2021,2021,4,18,7
20210419,19/4/2021,2021,4,19,1
20210420,20/4/2021,2021,4,20,2
20210421,21/4/2021,2021,4,21,3
20210422,22/4/2021,2021,4,22,4
20210423,23/4/2021,2021,4,23,5
20210424,24/4/2021,2021,4,24,6
20210425,25/4/2021,2021,4,25,7
20210426,26/4/2021,2021,4,26,1
20210427,27/4/2021,2021,4,27,2
20210428,28/4/2021,2021,4,28,3
20210429,29/4/2021,2021,4,29,4
20210430,30/4/2021,2021,4,30,5
20210501,1/5/2021,2021,5,1,6
20210502,2/5/2021,2021,5,2,7
20210503,3/5/2021,2021,5,3,1
20210504,4/5/2021,2021,5,4,2
20210505,5/5/2021,2021,5,5,3
20210506,6/5/2021,2021,5,6,4
20210507,7/5/2021,2021,5,7,5
20210508,8/5/2021,2021,5,8,6
20210509,9/5/2021,2021,5,9,7
20210510,10/5/2021,2021,5,10,1
20210511,11/5/2021,2021,5,11,2
20210512,12/5/2021,2021,5,12,3
20210513,13/5/2021,2021,5,13,4
20210514,14/5/2021,2021,5,14,5
20210515,15/5/2021,2021,5,15,6
20210516,16/5/2021,2021,5,16,7
20210517,17/5/2021,2021,5,17,1
20210518,18/5/2021,2021,5,18,2
20210519,19/5/2021,2021,5,19,3
20210520,20/5/2021,2021,5,20,4
20210521,21/5/2021,2021,5,21,5
20210522,22/5/2021,2021,5,22,6
20210523,23/5/2021,2021,5,23,7
20210524,24/5/2021,2021,5,24,1
20210525,25/5/2021,2021,5,25,2
20210526,26/5/2021,2021,5,26,3
20210527,27/5/2021,2021,5,27,4
20210528,28/5/2021,2021,5,28,5
20210529,29/5/2021,2021,5,29,6
20210530,30/5/2021,2021,5,30,7
20210531,31/5/2021,2021,5,31,1
20210601,1/6/2021,2021,6,1,2
20210602,2/6/2021,2021,6,2,3
20210603,3/6/2021,2021,6,3,4
20210604,4/6/2021,2021,6,4,5
20210605,5/6/2021,2021,6,5,6
20210606,6/6/2021,2021,6,6,7
20210607,7/6/2021,2021,6,7,1
20210608,8/6/2021,2021,6,8,2
20210609,9/6/2021,2021,6,9,3
20210610,10/6/2021,2021,6,10,4
20210611,11/6/2021,2021,6,11,5
20210612,12/6/2021,2021,6,12,6
20210613,13/6/2021,2021,6,13,7
20210614,14/6/2021,2021,6,14,1
20210615,15/6/2021,2021,6,15,2
20210616,16/6/2021,2021,6,16,3
20210617,17/6/2021,2021,6,17,4
20210618,18/6/2021,2021,6,18,5
20210619,19/6/2021,2021,6,19,6
20210620,20/6/2021,2021,6,20,7
20210621,21/6/2021,2021,6,21,1
20210622,22/6/2021,2021,6,22,2
20210623,23/6/2021,2021,6,23,3
20210624,24/6/2021,2021,6,24,4
20210625,25/6/2021,2021,6,25,5
20210626,26/6/2021,2021,6,26,6
20210627,27/6/2021,2021,6,27,7
20210628,28/6/2021,2021,6,28,1
20210629,29/6/2021,2021,6,29,2
20210630,30/6/2021,2021,6,30,3
20210701,1/7/2021,2021,7,1,4
20210702,2/7/2021,2021,7,2,5
20210703,3/7/2021,2021,7,3,6
20210704,4/7/2021,2021,7,4,7
20210705,5/7/2021,2021,7,5,1
20210706,6/7/2021,2021,7,6,2
20210707,7/7/2021,2021,7,7,3
20210708,8/7/2021,2021,7,8,4
20210709,9/7/2021,2021,7,9,5
20210710,10/7/2021,2021,7,10,6
20210711,11/7/2021,2021,7,11,7
20210712,12/7/2021,2021,7,12,1
20210713,13/7/2021,2021,7,13,2
20210714,14/7/2021,2021,7,14,3
20210715,15/7/2021,2021,7,15,4
20210716,16/7/2021,2021,7,16,5
20210717,17/7/2021,2021,7,17,6
20210718,18/7/2021,2021,7,18,7
20210719,19/7/2021,2021,7,19,1
20210720,20/7/2021,2021,7,20,2
20210721,21/7/2021,2021,7,21,3
20210722,22/7/2021,2021,7,22,4
20210723,23/7/2021,2021,7,23,5
20210724,24/7/2021,2021,7,24,6
20210725,25/7/2021,2021,7,25,7
20210726,26/7/2021,2021,7,26,1
20210727,27/7/2021,2021,7,27,2
20210728,28/7/2021,2021,7,28,3
20210729,29/7/2021,2021,7,29,4
20210730,30/7/2021,2021,7,30,5
20210731,31/7/2021,2021,7,31,6
20210801,1/8/2021,2021,8,1,7
20210802,2/8/2021,2021,8,2,1
20210803,3/8/2021,2021,8,3,2
20210804,4/8/2021,2021,8,4,3
20210805,5/8/2021,2021,8,5,4
20210806,6/8/2021,2021,8,6,5
20210807,7/8/2021,2021,8,7,6
20210808,8/8/2021,2021,8,8,7
20210809,9/8/2021,2021,8,9,1
20210810,10/8/2021,2021,8,10,2
20210811,11/8/2021,2021,8,11,3
20210812,12/8/2021,2021,8,12,4
20210813,13/8/2021,2021,8,13,5
20210814,14/8/2021,2021,8,14,6
20210815,15/8/2021,2021,8,15,7
20210816,16/8/2021,2021,8,16,1
20210817,17/8/2021,2021,8,17,2
20210818,18/8/2021,2021,8,18,3
20210819,19/8/2021,2021,8,19,4
20210820,20/8/2021,2021,8,20,5
20210821,21/8/2021,2021,8,21,6
20210822,22/8/2021,2021,8,22,7
20210823,23/8/2021,2021,8,23,1
20210824,24/8/2021,2021,8,24,2
20210825,25/8/2021,2021,8,25,3
20210826,26/8/2021,2021,8,26,4
20210827,27/8/2021,2021,8,27,5
20210828,28/8/2021,2021,8,28,6
20210829,29/8/2021,2021,8,29,7
20210830,30/8/2021,2021,8,30,1
20210831,31/8/2021,2021,8,31,2
20210901,1/9/2021,2021,9,1,3
20210902,2/9/2021,2021,9,2,4
20210903,3/9/2021,2021,9,3,5
20210904,4/9/2021,2021,9,4,6
20210905,5/9/2021,2021,9,5,7
20210906,6/9/2021,2021,9,6,1
20210907,7/9/2021,2021,9,7,2
20210908,8/9/2021,2021,9,8,3
20210909,9/9/2021,2021,9,9,4
20210910,10/9/2021,2021,9,10,5
20210911,11/9/2021,2021,9,11,6
20210912,12/9/2021,2021,9,12,7
20210913,13/9/2021,2021,9,13,1
20210914,14/9/2021,2021,9,14,2
20210915,15/9/2021,2021,9,15,3
20210916,16/9/2021,2021,9,16,4
20210917,17/9/2021,2021,9,17,5
20210918,18/9/2021,2021,9,18,6
20210919,19/9/2021,2021,9,19,7
20210920,20/9/2021,2021,9,20,1
20210921,21/9/2021,2021,9,21,2
20210922,22/9/2021,2021,9,22,3
20210923,23/9/2021,2021,9,23,4
20210924,24/9/2021,2021,9,24,5
20210925,25/9/2021,2021,9,25,6
20210926,26/9/2021,2021,9,26,7
20210927,27/9/2021,2021,9,27,1
20210928,28/9/2021,2021,9,28,2
20210929,29/9/2021,2021,9,29,3
20210930,30/9/2021,2021,9,30,4
20211001,1/10/2021,2021,10,1,5
20211002,2/10/2021,2021,10,2,6
20211003,3/10/2021,2021,10,3,7
20211004,4/10/2021,2021,10,4,1
20211005,5/10/2021,2021,10,5,2
20211006,6/10/2021,2021,10,6,3
20211007,7/10/2021,2021,10,7,4
20211008,8/10/2021,2021,10,8,5
20211009,9/10/2021,2021,10,9,6
20211010,10/10/2021,2021,10,10,7
20211011,11/10/2021,2021,10,11,1
20211012,12/10/2021,2021,10,12,2
20211013,13/10/2021,2021,10,13,3
20211014,14/10/2021,2021,10,14,4
20211015,15/10/2021,2021,10,15,5
20211016,16/10/2021,2021,10,16,6
20211017,17/10/2021,2021,10,17,7
20211018,18/10/2021,2021,10,18,1
20211019,19/10/2021,2021,10,19,2
20211020,20/10/2021,2021,10,20,3
20211021,21/10/2021,2021,10,21,4
20211022,22/10/2021,2021,10,22,5
20211023,23/10/2021,2021,10,23,6
20211024,24/10/2021,2021,10,24,7
20211025,25/10/2021,2021,10,25,1
20211026,26/10/2021,2021,10,26,2
20211027,27/10/2021,2021,10,27,3
20211028,28/10/2021,2021,10,28,4
20211029,29/10/2021,2021,10,29,5
20211030,30/10/2021,2021,10,30,6
20211031,31/10/2021,2021,10,31,7
20211101,1/11/2021,2021,11,1,1
20211102,2/11/2021,2021,11,2,2
20211103,3/11/2021,2021,11,3,3
20211104,4/11/2021,2021,11,4,4
20211105,5/11/2021,2021,11,5,5
20211106,6/11/2021,2021,11,6,6
20211107,7/11/2021,2021,11,7,7
20211108,8/11/2021,2021,11,8,1
20211109,9/11/2021,2021,11,9,2
20211110,10/11/2021,2021,11,10,3
20211111,11/11/2021,2021,11,11,4
20211112,12/11/2021,2021,11,12,5
20211113,13/11/2021,2021,11,13,6
20211114,14/11/2021,2021,11,14,7
20211115,15/11/2021,2021,11,15,1
20211116,16/11/2021,2021,11,16,2
20211117,17/11/2021,2021,11,17,3
20211118,18/11/2021,2021,11,18,4
20211119,19/11/2021,2021,11,19,5
20211120,20/11/2021,2021,11,20,6
20211121,21/11/2021,2021,11,21,7
20211122,22/11/2021,2021,11,22,1
20211123,23/11/2021,2021,11,23,2
20211124,24/11/2021,2021,11,24,3
20211125,25/11/2021,2021,11,25,4
20211126,26/11/2021,2021,11,26,5
20211127,27/11/2021,2021,11,27,6
20211128,28/11/2021,2021,11,28,7
20211129,29/11/2021,2021,11,29,1
20211130,30/11/2021,2021,11,30,2
20211201,1/12/2021,2021,12,1,3
20211202,2/12/2021,2021,12,2,4
20211203,3/12/2021,2021,12,3,5
20211204,4/12/2021,2021,12,4,6
20211205,5/12/2021,2021,12,5,7
20211206,6/12/2021,2021,12,6,1
20211207,7/12/2021,2021,12,7,2
20211208,8/12/2021,2021,12,8,3
20211209,9/12/2021,2021,12,9,4
20211210,10/12/2021,2021,12,10,5
20211211,11/12/2021,2021,12,11,6
20211212,12/12/2021,2021,12,12,7
20211213,13/12/2021,2021,12,13,1
20211214,14/12/2021,2021,12,14,2
20211215,15/12/2021,2021,12,15,3
20211216,16/12/2021,2021,12,16,4
20211217,17/12/2021,2021,12,17,5
20211218,18/12/2021,2021,12,18,6
20211219,19/12/2021,2021,12,19,7
20211220,20/12/2021,2021,12,20,1
20211221,21/12/2021,2021,12,21,2
20211222,22/12/2021,2021,12,22,3
20211223,23/12/2021,2021,12,23,4
20211224,24/12/2021,2021,12,24,5
20211225,25/12/2021,2021,12,25,6
20211226,26/12/2021,2021,12,26,7
20211227,27/12/2021,2021,12,27,1
20211228,28/12/2021,2021,12,28,2
20211229,29/12/2021,2021,12,29,3
20211230,30/12/2021,2021,12,30,4
20211231,31/12/2021,2021,12,31,5
20220101,1/1/2022,2022,1,1,6
20220102,2/1/2022,2022,1,2,7
20220103,3/1/2022,2022,1,3,1
20220104,4/1/2022,2022,1,4,2
20220105,5/1/2022,2022,1,5,3
20220106,6/1/2022,2022,1,6,4
20220107,7/1/2022,2022,1,7,5
20220108,8/1/2022,2022,1,8,6
20220109,9/1/2022,2022,1,9,7
20220110,10/1/2022,2022,1,10,1
20220111,11/1/2022,2022,1,11,2
20220112,12/1/2022,2022,1,12,3
20220113,13/1/2022,2022,1,13,4
20220114,14/1/2022,2022,1,14,5
20220115,15/1/2022,2022,1,15,6
20220116,16/1/2022,2022,1,16,7
20220117,17/1/2022,2022,1,17,1
20220118,18/1/2022,2022,1,18,2
20220119,19/1/2022,2022,1,19,3
20220120,20/1/2022,2022,1,20,4
20220121,21/1/2022,2022,1,21,5
20220122,22/1/2022,2022,1,22,6
20220123,23/1/2022,2022,1,23,7
20220124,24/1/2022,2022,1,24,1
20220125,25/1/2022,2022,1,25,2
20220126,26/1/2022,2022,1,26,3
20220127,27/1/2022,2022,1,27,4
20220128,28/1/2022,2022,1,28,5
20220129,29/1/2022,2022,1,29,6
20220130,30/1/2022,2022,1,30,7
20220131,31/1/2022,2022,1,31,1
20220201,1/2/2022,2022,2,1,2
20220202,2/2/2022,2022,2,2,3
20220203,3/2/2022,2022,2,3,4
20220204,4/2/2022,2022,2,4,5
20220205,5/2/2022,2022,2,5,6
20220206,6/2/2022,2022,2,6,7
20220207,7/2/2022,2022,2,7,1
20220208,8/2/2022,2022,2,8,2
20220209,9/2/2022,2022,2,9,3
20220210,10/2/2022,2022,2,10,4
20220211,11/2/2022,2022,2,11,5
20220212,12/2/2022,2022,2,12,6
20220213,13/2/2022,2022,2,13,7
20220214,14/2/2022,2022,2,14,1
20220215,15/2/2022,2022,2,15,2
20220216,16/2/2022,2022,2,16,3
20220217,17/2/2022,2022,2,17,4
20220218,18/2/2022,2022,2,18,5
20220219,19/2/2022,2022,2,19,6
20220220,20/2/2022,2022,2,20,7
20220221,21/2/2022,2022,2,21,1
20220222,22/2/2022,2022,2,22,2
20220223,23/2/2022,2022,2,23,3
20220224,24/2/2022,2022,2,24,4
20220225,25/2/2022,2022,2,25,5
20220226,26/2/2022,2022,2,26,6
20220227,27/2/2022,2022,2,27,7
20220228,28/2/2022,2022,2,28,1
20220301,1/3/2022,2022,3,1,2
20220302,2/3/2022,2022,3,2,3
20220303,3/3/2022,2022,3,3,4
20220304,4/3/2022,2022,3,4,5
20220305,5/3/2022,2022,3,5,6
20220306,6/3/2022,2022,3,6,7
20220307,7/3/2022,2022,3,7,1
20220308,8/3/2022,2022,3,8,2
20220309,9/3/2022,2022,3,9,3
20220310,10/3/2022,2022,3,10,4
20220311,11/3/2022,2022,3,11,5
20220312,12/3/2022,2022,3,12,6
20220313,13/3/2022,2022,3,13,7
20220314,14/3/2022,2022,3,14,1
20220315,15/3/2022,2022,3,15,2
20220316,16/3/2022,2022,3,16,3
20220317,17/3/2022,2022,3,17,4
20220318,18/3/2022,2022,3,18,5
20220319,19/3/2022,2022,3,19,6
20220320,20/3/2022,2022,3,20,7
20220321,21/3/2022,2022,3,21,1
20220322,22/3/2022,2022,3,22,2
20220323,23/3/2022,2022,3,23,3
20220324,24/3/2022,2022,3,24,4
20220325,25/3/2022,2022,3,25,5
20220326,26/3/2022,2022,3,26,6
20220327,27/3/2022,2022,3,27,7
20220328,28/3/2022,2022,3,28,1
20220329,29/3/2022,2022,3,29,2
20220330,30/3/2022,2022,3,30,3
20220331,31/3/2022,2022,3,31,4
20220401,1/4/2022,2022,4,1,5
20220402,2/4/2022,2022,4,2,6
20220403,3/4/2022,2022,4,3,7
20220404,4/4/2022,2022,4,4,1
20220405,5/4/2022,2022,4,5,2
20220406,6/4/2022,2022,4,6,3
20220407,7/4/2022,2022,4,7,4
20220408,8/4/2022,2022,4,8,5
20220409,9/4/2022,2022,4,9,6
20220410,10/4/2022,2022,4,10,7
20220411,11/4/2022,2022,4,11,1
20220412,12/4/2022,2022,4,12,2
20220413,13/4/2022,2022,4,13,3
20220414,14/4/2022,2022,4,14,4
20220415,15/4/2022,2022,4,15,5
20220416,16/4/2022,2022,4,16,6
20220417,17/4/2022,2022,4,17,7
20220418,18/4/2022,2022,4,18,1
20220419,19/4/2022,2022,4,19,2
20220420,20/4/2022,2022,4,20,3
20220421,21/4/2022,2022,4,21,4
20220422,22/4/2022,2022,4,22,5
20220423,23/4/2022,2022,4,23,6
20220424,24/4/2022,2022,4,24,7
20220425,25/4/2022,2022,4,25,1
20220426,26/4/2022,2022,4,26,2
20220427,27/4/2022,2022,4,27,3
20220428,28/4/2022,2022,4,28,4
20220429,29/4/2022,2022,4,29,5
20220430,30/4/2022,2022,4,30,6
20220501,1/5/2022,2022,5,1,7
20220502,2/5/2022,2022,5,2,1
20220503,3/5/2022,2022,5,3,2
20220504,4/5/2022,2022,5,4,3
20220505,5/5/2022,2022,5,5,4
20220506,6/5/2022,2022,5,6,5
20220507,7/5/2022,2022,5,7,6
20220508,8/5/2022,2022,5,8,7
20220509,9/5/2022,2022,5,9,1
20220510,10/5/2022,2022,5,10,2
20220511,11/5/2022,2022,5,11,3
20220512,12/5/2022,2022,5,12,4
20220513,13/5/2022,2022,5,13,5
20220514,14/5/2022,2022,5,14,6
20220515,15/5/2022,2022,5,15,7
20220516,16/5/2022,2022,5,16,1
20220517,17/5/2022,2022,5,17,2
20220518,18/5/2022,2022,5,18,3
20220519,19/5/2022,2022,5,19,4
20220520,20/5/2022,2022,5,20,5
20220521,21/5/2022,2022,5,21,6
20220522,22/5/2022,2022,5,22,7
20220523,23/5/2022,2022,5,23,1
20220524,24/5/2022,2022,5,24,2
20220525,25/5/2022,2022,5,25,3
20220526,26/5/2022,2022,5,26,4
20220527,27/5/2022,2022,5,27,5
20220528,28/5/2022,2022,5,28,6
20220529,29/5/2022,2022,5,29,7
20220530,30/5/2022,2022,5,30,1
20220531,31/5/2022,2022,5,31,2
20220601,1/6/2022,2022,6,1,3
20220602,2/6/2022,2022,6,2,4
20220603,3/6/2022,2022,6,3,5
20220604,4/6/2022,2022,6,4,6
20220605,5/6/2022,2022,6,5,7
20220606,6/6/2022,2022,6,6,1
20220607,7/6/2022,2022,6,7,2
20220608,8/6/2022,2022,6,8,3
20220609,9/6/2022,2022,6,9,4
20220610,10/6/2022,2022,6,10,5
20220611,11/6/2022,2022,6,11,6
20220612,12/6/2022,2022,6,12,7
20220613,13/6/2022,2022,6,13,1
20220614,14/6/2022,2022,6,14,2
20220615,15/6/2022,2022,6,15,3
20220616,16/6/2022,2022,6,16,4
20220617,17/6/2022,2022,6,17,5
20220618,18/6/2022,2022,6,18,6
20220619,19/6/2022,2022,6,19,7
20220620,20/6/2022,2022,6,20,1
20220621,21/6/2022,2022,6,21,2
20220622,22/6/2022,2022,6,22,3
20220623,23/6/2022,2022,6,23,4
20220624,24/6/2022,2022,6,24,5
20220625,25/6/2022,2022,6,25,6
20220626,26/6/2022,2022,6,26,7
20220627,27/6/2022,2022,6,27,1
20220628,28/6/2022,2022,6,28,2
20220629,29/6/2022,2022,6,29,3
20220630,30/6/2022,2022,6,30,4
20220701,1/7/2022,2022,7,1,5
20220702,2/7/2022,2022,7,2,6
20220703,3/7/2022,2022,7,3,7
20220704,4/7/2022,2022,7,4,1
20220705,5/7/2022,2022,7,5,2
20220706,6/7/2022,2022,7,6,3
20220707,7/7/2022,2022,7,7,4
20220708,8/7/2022,2022,7,8,5
20220709,9/7/2022,2022,7,9,6
20220710,10/7/2022,2022,7,10,7
20220711,11/7/2022,2022,7,11,1
20220712,12/7/2022,2022,7,12,2
20220713,13/7/2022,2022,7,13,3
20220714,14/7/2022,2022,7,14,4
20220715,15/7/2022,2022,7,15,5
20220716,16/7/2022,2022,7,16,6
20220717,17/7/2022,2022,7,17,7
20220718,18/7/2022,2022,7,18,1
20220719,19/7/2022,2022,7,19,2
20220720,20/7/2022,2022,7,20,3
20220721,21/7/2022,2022,7,21,4
20220722,22/7/2022,2022,7,22,5
20220723,23/7/2022,2022,7,23,6
20220724,24/7/2022,2022,7,24,7
20220725,25/7/2022,2022,7,25,1
20220726,26/7/2022,2022,7,26,2
20220727,27/7/2022,2022,7,27,3
20220728,28/7/2022,2022,7,28,4
20220729,29/7/2022,2022,7,29,5
20220730,30/7/2022,2022,7,30,6
20220731,31/7/2022,2022,7,31,7
20220801,1/8/2022,2022,8,1,1
20220802,2/8/2022,2022,8,2,2
20220803,3/8/2022,2022,8,3,3
20220804,4/8/2022,2022,8,4,4
20220805,5/8/2022,2022,8,5,5
20220806,6/8/2022,2022,8,6,6
20220807,7/8/2022,2022,8,7,7
20220808,8/8/2022,2022,8,8,1
20220809,9/8/2022,2022,8,9,2
20220810,10/8/2022,2022,8,10,3
20220811,11/8/2022,2022,8,11,4
20220812,12/8/2022,2022,8,12,5
20220813,13/8/2022,2022,8,13,6
20220814,14/8/2022,2022,8,14,7
20220815,15/8/2022,2022,8,15,1
20220816,16/8/2022,2022,8,16,2
20220817,17/8/2022,2022,8,17,3
20220818,18/8/2022,2022,8,18,4
20220819,19/8/2022,2022,8,19,5
20220820,20/8/2022,2022,8,20,6
20220821,21/8/2022,2022,8,21,7
20220822,22/8/2022,2022,8,22,1
20220823,23/8/2022,2022,8,23,2
20220824,24/8/2022,2022,8,24,3
20220825,25/8/2022,2022,8,25,4
20220826,26/8/2022,2022,8,26,5
20220827,27/8/2022,2022,8,27,6
20220828,28/8/2022,2022,8,28,7
20220829,29/8/2022,2022,8,29,1
20220830,30/8/2022,2022,8,30,2
20220831,31/8/2022,2022,8,31,3
20220901,1/9/2022,2022,9,1,4
20220902,2/9/2022,2022,9,2,5
20220903,3/9/2022,2022,9,3,6
20220904,4/9/2022,2022,9,4,7
20220905,5/9/2022,2022,9,5,1
20220906,6/9/2022,2022,9,6,2
20220907,7/9/2022,2022,9,7,3
20220908,8/9/2022,2022,9,8,4
20220909,9/9/2022,2022,9,9,5
20220910,10/9/2022,2022,9,10,6
20220911,11/9/2022,2022,9,11,7
20220912,12/9/2022,2022,9,12,1
20220913,13/9/2022,2022,9,13,2
20220914,14/9/2022,2022,9,14,3
20220915,15/9/2022,2022,9,15,4
20220916,16/9/2022,2022,9,16,5
20220917,17/9/2022,2022,9,17,6
20220918,18/9/2022,2022,9,18,7
20220919,19/9/2022,2022,9,19,1
20220920,20/9/2022,2022,9,20,2
20220921,21/9/2022,2022,9,21,3
20220922,22/9/2022,2022,9,22,4
20220923,23/9/2022,2022,9,23,5
20220924,24/9/2022,2022,9,24,6
20220925,25/9/2022,2022,9,25,7
20220926,26/9/2022,2022,9,26,1
20220927,27/9/2022,2022,9,27,2
20220928,28/9/2022,2022,9,28,3
20220929,29/9/2022,2022,9,29,4
20220930,30/9/2022,2022,9,30,5
20221001,1/10/2022,2022,10,1,6
20221002,2/10/2022,2022,10,2,7
20221003,3/10/2022,2022,10,3,1
20221004,4/10/2022,2022,10,4,2
20221005,5/10/2022,2022,10,5,3
20221006,6/10/2022,2022,10,6,4
20221007,7/10/2022,2022,10,7,5
20221008,8/10/2022,2022,10,8,6
20221009,9/10/2022,2022,10,9,7
20221010,10/10/2022,2022,10,10,1
20221011,11/10/2022,2022,10,11,2
20221012,12/10/2022,2022,10,12,3
20221013,13/10/2022,2022,10,13,4
20221014,14/10/2022,2022,10,14,5
20221015,15/10/2022,2022,10,15,6
20221016,16/10/2022,2022,10,16,7
20221017,17/10/2022,2022,10,17,1
20221018,18/10/2022,2022,10,18,2
20221019,19/10/2022,2022,10,19,3
20221020,20/10/2022,2022,10,20,4
20221021,21/10/2022,2022,10,21,5
20221022,22/10/2022,2022,10,22,6
20221023,23/10/2022,2022,10,23,7
20221024,24/10/2022,2022,10,24,1
20221025,25/10/2022,2022,10,25,2
20221026,26/10/2022,2022,10,26,3
20221027,27/10/2022,2022,10,27,4
20221028,28/10/2022,2022,10,28,5
20221029,29/10/2022,2022,10,29,6
20221030,30/10/2022,2022,10,30,7
20221031,31/10/2022,2022,10,31,1
20221101,1/11/2022,2022,11,1,2
20221102,2/11/2022,2022,11,2,3
20221103,3/11/2022,2022,11,3,4
20221104,4/11/2022,2022,11,4,5
20221105,5/11/2022,2022,11,5,6
20221106,6/11/2022,2022,11,6,7
20221107,7/11/2022,2022,11,7,1
20221108,8/11/2022,2022,11,8,2
20221109,9/11/2022,2022,11,9,3
20221110,10/11/2022,2022,11,10,4
20221111,11/11/2022,2022,11,11,5
20221112,12/11/2022,2022,11,12,6
20221113,13/11/2022,2022,11,13,7
20221114,14/11/2022,2022,11,14,1
20221115,15/11/2022,2022,11,15,2
20221116,16/11/2022,2022,11,16,3
20221117,17/11/2022,2022,11,17,4
20221118,18/11/2022,2022,11,18,5
20221119,19/11/2022,2022,11,19,6
20221120,20/11/2022,2022,11,20,7
20221121,21/11/2022,2022,11,21,1
20221122,22/11/2022,2022,11,22,2
20221123,23/11/2022,2022,11,23,3
20221124,24/11/2022,2022,11,24,4
20221125,25/11/2022,2022,11,25,5
20221126,26/11/2022,2022,11,26,6
20221127,27/11/2022,2022,11,27,7
20221128,28/11/2022,2022,11,28,1
20221129,29/11/2022,2022,11,29,2
20221130,30/11/2022,2022,11,30,3
20221201,1/12/2022,2022,12,1,4
20221202,2/12/2022,2022,12,2,5
20221203,3/12/2022,2022,12,3,6
20221204,4/12/2022,2022,12,4,7
20221205,5/12/2022,2022,12,5,1
20221206,6/12/2022,2022,12,6,2
20221207,7/12/2022,2022,12,7,3
20221208,8/12/2022,2022,12,8,4
20221209,9/12/2022,2022,12,9,5
20221210,10/12/2022,2022,12,10,6
20221211,11/12/2022,2022,12,11,7
20221212,12/12/2022,2022,12,12,1
20221213,13/12/2022,2022,12,13,2
20221214,14/12/2022,2022,12,14,3
20221215,15/12/2022,2022,12,15,4
20221216,16/12/2022,2022,12,16,5
20221217,17/12/2022,2022,12,17,6
20221218,18/12/2022,2022,12,18,7
20221219,19/12/2022,2022,12,19,1
20221220,20/12/2022,2022,12,20,2
20221221,21/12/2022,2022,12,21,3
20221222,22/12/2022,2022,12,22,4
20221223,23/12/2022,2022,12,23,5
20221224,24/12/2022,2022,12,24,6
20221225,25/12/2022,2022,12,25,7
20221226,26/12/2022,2022,12,26,1
20221227,27/12/2022,2022,12,27,2
20221228,28/12/2022,2022,12,28,3
20221229,29/12/2022,2022,12,29,4
20221230,30/12/2022,2022,12,30,5
20221231,31/12/2022,2022,12,31,6
20230101,1/1/2023,2023,1,1,7
20230102,2/1/2023,2023,1,2,1
20230103,3/1/2023,2023,1,3,2
20230104,4/1/2023,2023,1,4,3
20230105,5/1/2023,2023,1,5,4
20230106,6/1/2023,2023,1,6,5
20230107,7/1/2023,2023,1,7,6
20230108,8/1/2023,2023,1,8,7
20230109,9/1/2023,2023,1,9,1
20230110,10/1/2023,2023,1,10,2
20230111,11/1/2023,2023,1,11,3
20230112,12/1/2023,2023,1,12,4
20230113,13/1/2023,2023,1,13,5
20230114,14/1/2023,2023,1,14,6
20230115,15/1/2023,2023,1,15,7
20230116,16/1/2023,2023,1,16,1
20230117,17/1/2023,2023,1,17,2
20230118,18/1/2023,2023,1,18,3
20230119,19/1/2023,2023,1,19,4
20230120,20/1/2023,2023,1,20,5
20230121,21/1/2023,2023,1,21,6
20230122,22/1/2023,2023,1,22,7
20230123,23/1/2023,2023,1,23,1
20230124,24/1/2023,2023,1,24,2
20230125,25/1/2023,2023,1,25,3
20230126,26/1/2023,2023,1,26,4
20230127,27/1/2023,2023,1,27,5
20230128,28/1/2023,2023,1,28,6
20230129,29/1/2023,2023,1,29,7
20230130,30/1/2023,2023,1,30,1
20230131,31/1/2023,2023,1,31,2
20230201,1/2/2023,2023,2,1,3
20230202,2/2/2023,2023,2,2,4
20230203,3/2/2023,2023,2,3,5
20230204,4/2/2023,2023,2,4,6
20230205,5/2/2023,2023,2,5,7
20230206,6/2/2023,2023,2,6,1
20230207,7/2/2023,2023,2,7,2
20230208,8/2/2023,2023,2,8,3
20230209,9/2/2023,2023,2,9,4
20230210,10/2/2023,2023,2,10,5
20230211,11/2/2023,2023,2,11,6
20230212,12/2/2023,2023,2,12,7
20230213,13/2/2023,2023,2,13,1
20230214,14/2/2023,2023,2,14,2
20230215,15/2/2023,2023,2,15,3
20230216,16/2/2023,2023,2,16,4
20230217,17/2/2023,2023,2,17,5
20230218,18/2/2023,2023,2,18,6
20230219,19/2/2023,2023,2,19,7
20230220,20/2/2023,2023,2,20,1
20230221,21/2/2023,2023,2,21,2
20230222,22/2/2023,2023,2,22,3
20230223,23/2/2023,2023,2,23,4
20230224,24/2/2023,2023,2,24,5
20230225,25/2/2023,2023,2,25,6
20230226,26/2/2023,2023,2,26,7
20230227,27/2/2023,2023,2,27,1
20230228,28/2/2023,2023,2,28,2
20230301,1/3/2023,2023,3,1,3
20230302,2/3/2023,2023,3,2,4
20230303,3/3/2023,2023,3,3,5
20230304,4/3/2023,2023,3,4,6
20230305,5/3/2023,2023,3,5,7
20230306,6/3/2023,2023,3,6,1
20230307,7/3/2023,2023,3,7,2
20230308,8/3/2023,2023,3,8,3
20230309,9/3/2023,2023,3,9,4
20230310,10/3/2023,2023,3,10,5
20230311,11/3/2023,2023,3,11,6
20230312,12/3/2023,2023,3,12,7
20230313,13/3/2023,2023,3,13,1
20230314,14/3/2023,2023,3,14,2
20230315,15/3/2023,2023,3,15,3
20230316,16/3/2023,2023,3,16,4
20230317,17/3/2023,2023,3,17,5
20230318,18/3/2023,2023,3,18,6
20230319,19/3/2023,2023,3,19,7
20230320,20/3/2023,2023,3,20,1
20230321,21/3/2023,2023,3,21,2
20230322,22/3/2023,2023,3,22,3
20230323,23/3/2023,2023,3,23,4
20230324,24/3/2023,2023,3,24,5
20230325,25/3/2023,2023,3,25,6
20230326,26/3/2023,2023,3,26,7
20230327,27/3/2023,2023,3,27,1
20230328,28/3/2023,2023,3,28,2
20230329,29/3/2023,2023,3,29,3
20230330,30/3/2023,2023,3,30,4
20230331,31/3/2023,2023,3,31,5
20230401,1/4/2023,2023,4,1,6
20230402,2/4/2023,2023,4,2,7
20230403,3/4/2023,2023,4,3,1
20230404,4/4/2023,2023,4,4,2
20230405,5/4/2023,2023,4,5,3
20230406,6/4/2023,2023,4,6,4
20230407,7/4/2023,2023,4,7,5
20230408,8/4/2023,2023,4,8,6
20230409,9/4/2023,2023,4,9,7
20230410,10/4/2023,2023,4,10,1
20230411,11/4/2023,2023,4,11,2
20230412,12/4/2023,2023,4,12,3
20230413,13/4/2023,2023,4,13,4
20230414,14/4/2023,2023,4,14,5
20230415,15/4/2023,2023,4,15,6
20230416,16/4/2023,2023,4,16,7
20230417,17/4/2023,2023,4,17,1
20230418,18/4/2023,2023,4,18,2
20230419,19/4/2023,2023,4,19,3
20230420,20/4/2023,2023,4,20,4
20230421,21/4/2023,2023,4,21,5
20230422,22/4/2023,2023,4,22,6
20230423,23/4/2023,2023,4,23,7
20230424,24/4/2023,2023,4,24,1
20230425,25/4/2023,2023,4,25,2
20230426,26/4/2023,2023,4,26,3
20230427,27/4/2023,2023,4,27,4
20230428,28/4/2023,2023,4,28,5
20230429,29/4/2023,2023,4,29,6
20230430,30/4/2023,2023,4,30,7
20230501,1/5/2023,2023,5,1,1
20230502,2/5/2023,2023,5,2,2
20230503,3/5/2023,2023,5,3,3
20230504,4/5/2023,2023,5,4,4
20230505,5/5/2023,2023,5,5,5
20230506,6/5/2023,2023,5,6,6
20230507,7/5/2023,2023,5,7,7
20230508,8/5/2023,2023,5,8,1
20230509,9/5/2023,2023,5,9,2
20230510,10/5/2023,2023,5,10,3
20230511,11/5/2023,2023,5,11,4
20230512,12/5/2023,2023,5,12,5
20230513,13/5/2023,2023,5,13,6
20230514,14/5/2023,2023,5,14,7
20230515,15/5/2023,2023,5,15,1
20230516,16/5/2023,2023,5,16,2
20230517,17/5/2023,2023,5,17,3
20230518,18/5/2023,2023,5,18,4
20230519,19/5/2023,2023,5,19,5
20230520,20/5/2023,2023,5,20,6
20230521,21/5/2023,2023,5,21,7
20230522,22/5/2023,2023,5,22,1
20230523,23/5/2023,2023,5,23,2
20230524,24/5/2023,2023,5,24,3
20230525,25/5/2023,2023,5,25,4
20230526,26/5/2023,2023,5,26,5
20230527,27/5/2023,2023,5,27,6
20230528,28/5/2023,2023,5,28,7
20230529,29/5/2023,2023,5,29,1
20230530,30/5/2023,2023,5,30,2
20230531,31/5/2023,2023,5,31,3
20230601,1/6/2023,2023,6,1,4
20230602,2/6/2023,2023,6,2,5
20230603,3/6/2023,2023,6,3,6
20230604,4/6/2023,2023,6,4,7
20230605,5/6/2023,2023,6,5,1
20230606,6/6/2023,2023,6,6,2
20230607,7/6/2023,2023,6,7,3
20230608,8/6/2023,2023,6,8,4
20230609,9/6/2023,2023,6,9,5
20230610,10/6/2023,2023,6,10,6
20230611,11/6/2023,2023,6,11,7
20230612,12/6/2023,2023,6,12,1
20230613,13/6/2023,2023,6,13,2
20230614,14/6/2023,2023,6,14,3
20230615,15/6/2023,2023,6,15,4
20230616,16/6/2023,2023,6,16,5
20230617,17/6/2023,2023,6,17,6
20230618,18/6/2023,2023,6,18,7
20230619,19/6/2023,2023,6,19,1
20230620,20/6/2023,2023,6,20,2
20230621,21/6/2023,2023,6,21,3
20230622,22/6/2023,2023,6,22,4
20230623,23/6/2023,2023,6,23,5
20230624,24/6/2023,2023,6,24,6
20230625,25/6/2023,2023,6,25,7
20230626,26/6/2023,2023,6,26,1
20230627,27/6/2023,2023,6,27,2
20230628,28/6/2023,2023,6,28,3
20230629,29/6/2023,2023,6,29,4
20230630,30/6/2023,2023,6,30,5
20230701,1/7/2023,2023,7,1,6
20230702,2/7/2023,2023,7,2,7
20230703,3/7/2023,2023,7,3,1
20230704,4/7/2023,2023,7,4,2
20230705,5/7/2023,2023,7,5,3
20230706,6/7/2023,2023,7,6,4
20230707,7/7/2023,2023,7,7,5
20230708,8/7/2023,2023,7,8,6
20230709,9/7/2023,2023,7,9,7
20230710,10/7/2023,2023,7,10,1
20230711,11/7/2023,2023,7,11,2
20230712,12/7/2023,2023,7,12,3
20230713,13/7/2023,2023,7,13,4
20230714,14/7/2023,2023,7,14,5
20230715,15/7/2023,2023,7,15,6
20230716,16/7/2023,2023,7,16,7
20230717,17/7/2023,2023,7,17,1
20230718,18/7/2023,2023,7,18,2
20230719,19/7/2023,2023,7,19,3
20230720,20/7/2023,2023,7,20,4
20230721,21/7/2023,2023,7,21,5
20230722,22/7/2023,2023,7,22,6
20230723,23/7/2023,2023,7,23,7
20230724,24/7/2023,2023,7,24,1
20230725,25/7/2023,2023,7,25,2
20230726,26/7/2023,2023,7,26,3
20230727,27/7/2023,2023,7,27,4
20230728,28/7/2023,2023,7,28,5
20230729,29/7/2023,2023,7,29,6
20230730,30/7/2023,2023,7,30,7
20230731,31/7/2023,2023,7,31,1
20230801,1/8/2023,2023,8,1,2
20230802,2/8/2023,2023,8,2,3
20230803,3/8/2023,2023,8,3,4
20230804,4/8/2023,2023,8,4,5
20230805,5/8/2023,2023,8,5,6
20230806,6/8/2023,2023,8,6,7
20230807,7/8/2023,2023,8,7,1
20230808,8/8/2023,2023,8,8,2
20230809,9/8/2023,2023,8,9,3
20230810,10/8/2023,2023,8,10,4
20230811,11/8/2023,2023,8,11,5
20230812,12/8/2023,2023,8,12,6
20230813,13/8/2023,2023,8,13,7
20230814,14/8/2023,2023,8,14,1
20230815,15/8/2023,2023,8,15,2
20230816,16/8/2023,2023,8,16,3
20230817,17/8/2023,2023,8,17,4
20230818,18/8/2023,2023,8,18,5
20230819,19/8/2023,2023,8,19,6
20230820,20/8/2023,2023,8,20,7
20230821,21/8/2023,2023,8,21,1
20230822,22/8/2023,2023,8,22,2
20230823,23/8/2023,2023,8,23,3
20230824,24/8/2023,2023,8,24,4
20230825,25/8/2023,2023,8,25,5
20230826,26/8/2023,2023,8,26,6
20230827,27/8/2023,2023,8,27,7
20230828,28/8/2023,2023,8,28,1
20230829,29/8/2023,2023,8,29,2
20230830,30/8/2023,2023,8,30,3
20230831,31/8/2023,2023,8,31,4
20230901,1/9/2023,2023,9,1,5
20230902,2/9/2023,2023,9,2,6
20230903,3/9/2023,2023,9,3,7
20230904,4/9/2023,2023,9,4,1
20230905,5/9/2023,2023,9,5,2
20230906,6/9/2023,2023,9,6,3
20230907,7/9/2023,2023,9,7,4
20230908,8/9/2023,2023,9,8,5
20230909,9/9/2023,2023,9,9,6
20230910,10/9/2023,2023,9,10,7
20230911,11/9/2023,2023,9,11,1
20230912,12/9/2023,2023,9,12,2
20230913,13/9/2023,2023,9,13,3
20230914,14/9/2023,2023,9,14,4
20230915,15/9/2023,2023,9,15,5
20230916,16/9/2023,2023,9,16,6
20230917,17/9/2023,2023,9,17,7
20230918,18/9/2023,2023,9,18,1
20230919,19/9/2023,2023,9,19,2
20230920,20/9/2023,2023,9,20,3
20230921,21/9/2023,2023,9,21,4
20230922,22/9/2023,2023,9,22,5
20230923,23/9/2023,2023,9,23,6
20230924,24/9/2023,2023,9,24,7
20230925,25/9/2023,2023,9,25,1
20230926,26/9/2023,2023,9,26,2
20230927,27/9/2023,2023,9,27,3
20230928,28/9/2023,2023,9,28,4
20230929,29/9/2023,2023,9,29,5
20230930,30/9/2023,2023,9,30,6
20231001,1/10/2023,2023,10,1,7
20231002,2/10/2023,2023,10,2,1
20231003,3/10/2023,2023,10,3,2
20231004,4/10/2023,2023,10,4,3
20231005,5/10/2023,2023,10,5,4
20231006,6/10/2023,2023,10,6,5
20231007,7/10/2023,2023,10,7,6
20231008,8/10/2023,2023,10,8,7
20231009,9/10/2023,2023,10,9,1
20231010,10/10/2023,2023,10,10,2
20231011,11/10/2023,2023,10,11,3
20231012,12/10/2023,2023,10,12,4
20231013,13/10/2023,2023,10,13,5
20231014,14/10/2023,2023,10,14,6
20231015,15/10/2023,2023,10,15,7
20231016,16/10/2023,2023,10,16,1
20231017,17/10/2023,2023,10,17,2
20231018,18/10/2023,2023,10,18,3
20231019,19/10/2023,2023,10,19,4
20231020,20/10/2023,2023,10,20,5
20231021,21/10/2023,2023,10,21,6
20231022,22/10/2023,2023,10,22,7
20231023,23/10/2023,2023,10,23,1
20231024,24/10/2023,2023,10,24,2
20231025,25/10/2023,2023,10,25,3
20231026,26/10/2023,2023,10,26,4
20231027,27/10/2023,2023,10,27,5
20231028,28/10/2023,2023,10,28,6
20231029,29/10/2023,2023,10,29,7
20231030,30/10/2023,2023,10,30,1
20231031,31/10/2023,2023,10,31,2
20231101,1/11/2023,2023,11,1,3
20231102,2/11/2023,2023,11,2,4
20231103,3/11/2023,2023,11,3,5
20231104,4/11/2023,2023,11,4,6
20231105,5/11/2023,2023,11,5,7
20231106,6/11/2023,2023,11,6,1
20231107,7/11/2023,2023,11,7,2
20231108,8/11/2023,2023,11,8,3
20231109,9/11/2023,2023,11,9,4
20231110,10/11/2023,2023,11,10,5
20231111,11/11/2023,2023,11,11,6
20231112,12/11/2023,2023,11,12,7
20231113,13/11/2023,2023,11,13,1
20231114,14/11/2023,2023,11,14,2
20231115,15/11/2023,2023,11,15,3
20231116,16/11/2023,2023,11,16,4
20231117,17/11/2023,2023,11,17,5
20231118,18/11/2023,2023,11,18,6
20231119,19/11/2023,2023,11,19,7
20231120,20/11/2023,2023,11,20,1
20231121,21/11/2023,2023,11,21,2
20231122,22/11/2023,2023,11,22,3
20231123,23/11/2023,2023,11,23,4
20231124,24/11/2023,2023,11,24,5
20231125,25/11/2023,2023,11,25,6
20231126,26/11/2023,2023,11,26,7
20231127,27/11/2023,2023,11,27,1
20231128,28/11/2023,2023,11,28,2
20231129,29/11/2023,2023,11,29,3
20231130,30/11/2023,2023,11,30,4
20231201,1/12/2023,2023,12,1,5
20231202,2/12/2023,2023,12,2,6
20231203,3/12/2023,2023,12,3,7
20231204,4/12/2023,2023,12,4,1
20231205,5/12/2023,2023,12,5,2
20231206,6/12/2023,2023,12,6,3
20231207,7/12/2023,2023,12,7,4
20231208,8/12/2023,2023,12,8,5
20231209,9/12/2023,2023,12,9,6
20231210,10/12/2023,2023,12,10,7
20231211,11/12/2023,2023,12,11,1
20231212,12/12/2023,2023,12,12,2
20231213,13/12/2023,2023,12,13,3
20231214,14/12/2023,2023,12,14,4
20231215,15/12/2023,2023,12,15,5
20231216,16/12/2023,2023,12,16,6
20231217,17/12/2023,2023,12,17,7
20231218,18/12/2023,2023,12,18,1
20231219,19/12/2023,2023,12,19,2
20231220,20/12/2023,2023,12,20,3
20231221,21/12/2023,2023,12,21,4
20231222,22/12/2023,2023,12,22,5
20231223,23/12/2023,2023,12,23,6
20231224,24/12/2023,2023,12,24,7
20231225,25/12/2023,2023,12,25,1
20231226,26/12/2023,2023,12,26,2
20231227,27/12/2023,2023,12,27,3
20231228,28/12/2023,2023,12,28,4
20231229,29/12/2023,2023,12,29,5
20231230,30/12/2023,2023,12,30,6
20231231,31/12/2023,2023,12,31,7
20240101,1/1/2024,2024,1,1,1
20240102,2/1/2024,2024,1,2,2
20240103,3/1/2024,2024,1,3,3
20240104,4/1/2024,2024,1,4,4
20240105,5/1/2024,2024,1,5,5
20240106,6/1/2024,2024,1,6,6
20240107,7/1/2024,2024,1,7,7
20240108,8/1/2024,2024,1,8,1
20240109,9/1/2024,2024,1,9,2
20240110,10/1/2024,2024,1,10,3
20240111,11/1/2024,2024,1,11,4
20240112,12/1/2024,2024,1,12,5
20240113,13/1/2024,2024,1,13,6
20240114,14/1/2024,2024,1,14,7
20240115,15/1/2024,2024,1,15,1
20240116,16/1/2024,2024,1,16,2
20240117,17/1/2024,2024,1,17,3
20240118,18/1/2024,2024,1,18,4
20240119,19/1/2024,2024,1,19,5
20240120,20/1/2024,2024,1,20,6
20240121,21/1/2024,2024,1,21,7
20240122,22/1/2024,2024,1,22,1
20240123,23/1/2024,2024,1,23,2
20240124,24/1/2024,2024,1,24,3
20240125,25/1/2024,2024,1,25,4
20240126,26/1/2024,2024,1,26,5
20240127,27/1/2024,2024,1,27,6
20240128,28/1/2024,2024,1,28,7
20240129,29/1/2024,2024,1,29,1
20240130,30/1/2024,2024,1,30,2
20240131,31/1/2024,2024,1,31,3
20240201,1/2/2024,2024,2,1,4
20240202,2/2/2024,2024,2,2,5
20240203,3/2/2024,2024,2,3,6
20240204,4/2/2024,2024,2,4,7
20240205,5/2/2024,2024,2,5,1
20240206,6/2/2024,2024,2,6,2
20240207,7/2/2024,2024,2,7,3
20240208,8/2/2024,2024,2,8,4
20240209,9/2/2024,2024,2,9,5
20240210,10/2/2024,2024,2,10,6
20240211,11/2/2024,2024,2,11,7
20240212,12/2/2024,2024,2,12,1
20240213,13/2/2024,2024,2,13,2
20240214,14/2/2024,2024,2,14,3
20240215,15/2/2024,2024,2,15,4
20240216,16/2/2024,2024,2,16,5
20240217,17/2/2024,2024,2,17,6
20240218,18/2/2024,2024,2,18,7
20240219,19/2/2024,2024,2,19,1
20240220,20/2/2024,2024,2,20,2
20240221,21/2/2024,2024,2,21,3
20240222,22/2/2024,2024,2,22,4
20240223,23/2/2024,2024,2,23,5
20240224,24/2/2024,2024,2,24,6
20240225,25/2/2024,2024,2,25,7
20240226,26/2/2024,2024,2,26,1
20240227,27/2/2024,2024,2,27,2
20240228,28/2/2024,2024,2,28,3
20240229,29/2/2024,2024,2,29,4
20240301,1/3/2024,2024,3,1,5
20240302,2/3/2024,2024,3,2,6
20240303,3/3/2024,2024,3,3,7
20240304,4/3/2024,2024,3,4,1
20240305,5/3/2024,2024,3,5,2
20240306,6/3/2024,2024,3,6,3
20240307,7/3/2024,2024,3,7,4
20240308,8/3/2024,2024,3,8,5
20240309,9/3/2024,2024,3,9,6
20240310,10/3/2024,2024,3,10,7
20240311,11/3/2024,2024,3,11,1
20240312,12/3/2024,2024,3,12,2
20240313,13/3/2024,2024,3,13,3
20240314,14/3/2024,2024,3,14,4
20240315,15/3/2024,2024,3,15,5
20240316,16/3/2024,2024,3,16,6
20240317,17/3/2024,2024,3,17,7
20240318,18/3/2024,2024,3,18,1
20240319,19/3/2024,2024,3,19,2
20240320,20/3/2024,2024,3,20,3
20240321,21/3/2024,2024,3,21,4
20240322,22/3/2024,2024,3,22,5
20240323,23/3/2024,2024,3,23,6
20240324,24/3/2024,2024,3,24,7
20240325,25/3/2024,2024,3,25,1
20240326,26/3/2024,2024,3,26,2
20240327,27/3/2024,2024,3,27,3
20240328,28/3/2024,2024,3,28,4
20240329,29/3/2024,2024,3,29,5
20240330,30/3/2024,2024,3,30,6
20240331,31/3/2024,2024,3,31,7
20240401,1/4/2024,2024,4,1,1
20240402,2/4/2024,2024,4,2,2
20240403,3/4/2024,2024,4,3,3
20240404,4/4/2024,2024,4,4,4
20240405,5/4/2024,2024,4,5,5
20240406,6/4/2024,2024,4,6,6
20240407,7/4/2024,2024,4,7,7
20240408,8/4/2024,2024,4,8,1
20240409,9/4/2024,2024,4,9,2
20240410,10/4/2024,2024,4,10,3
20240411,11/4/2024,2024,4,11,4
20240412,12/4/2024,2024,4,12,5
20240413,13/4/2024,2024,4,13,6
20240414,14/4/2024,2024,4,14,7
20240415,15/4/2024,2024,4,15,1
20240416,16/4/2024,2024,4,16,2
20240417,17/4/2024,2024,4,17,3
20240418,18/4/2024,2024,4,18,4
20240419,19/4/2024,2024,4,19,5
20240420,20/4/2024,2024,4,20,6
20240421,21/4/2024,2024,4,21,7
20240422,22/4/2024,2024,4,22,1
20240423,23/4/2024,2024,4,23,2
20240424,24/4/2024,2024,4,24,3
20240425,25/4/2024,2024,4,25,4
20240426,26/4/2024,2024,4,26,5
20240427,27/4/2024,2024,4,27,6
20240428,28/4/2024,2024,4,28,7
20240429,29/4/2024,2024,4,29,1
20240430,30/4/2024,2024,4,30,2
20240501,1/5/2024,2024,5,1,3
20240502,2/5/2024,2024,5,2,4
20240503,3/5/2024,2024,5,3,5
20240504,4/5/2024,2024,5,4,6
20240505,5/5/2024,2024,5,5,7
20240506,6/5/2024,2024,5,6,1
20240507,7/5/2024,2024,5,7,2
20240508,8/5/2024,2024,5,8,3
20240509,9/5/2024,2024,5,9,4
20240510,10/5/2024,2024,5,10,5
20240511,11/5/2024,2024,5,11,6
20240512,12/5/2024,2024,5,12,7
20240513,13/5/2024,2024,5,13,1
20240514,14/5/2024,2024,5,14,2
20240515,15/5/2024,2024,5,15,3
20240516,16/5/2024,2024,5,16,4
20240517,17/5/2024,2024,5,17,5
20240518,18/5/2024,2024,5,18,6
20240519,19/5/2024,2024,5,19,7
20240520,20/5/2024,2024,5,20,1
20240521,21/5/2024,2024,5,21,2
20240522,22/5/2024,2024,5,22,3
20240523,23/5/2024,2024,5,23,4
20240524,24/5/2024,2024,5,24,5
20240525,25/5/2024,2024,5,25,6
20240526,26/5/2024,2024,5,26,7
20240527,27/5/2024,2024,5,27,1
20240528,28/5/2024,2024,5,28,2
20240529,29/5/2024,2024,5,29,3
20240530,30/5/2024,2024,5,30,4
20240531,31/5/2024,2024,5,31,5
20240601,1/6/2024,2024,6,1,6
20240602,2/6/2024,2024,6,2,7
20240603,3/6/2024,2024,6,3,1
20240604,4/6/2024,2024,6,4,2
20240605,5/6/2024,2024,6,5,3
20240606,6/6/2024,2024,6,6,4
20240607,7/6/2024,2024,6,7,5
20240608,8/6/2024,2024,6,8,6
20240609,9/6/2024,2024,6,9,7
20240610,10/6/2024,2024,6,10,1
20240611,11/6/2024,2024,6,11,2
20240612,12/6/2024,2024,6,12,3
20240613,13/6/2024,2024,6,13,4
20240614,14/6/2024,2024,6,14,5
20240615,15/6/2024,2024,6,15,6
20240616,16/6/2024,2024,6,16,7
20240617,17/6/2024,2024,6,17,1
20240618,18/6/2024,2024,6,18,2
20240619,19/6/2024,2024,6,19,3
20240620,20/6/2024,2024,6,20,4
20240621,21/6/2024,2024,6,21,5
20240622,22/6/2024,2024,6,22,6
20240623,23/6/2024,2024,6,23,7
20240624,24/6/2024,2024,6,24,1
20240625,25/6/2024,2024,6,25,2
20240626,26/6/2024,2024,6,26,3
20240627,27/6/2024,2024,6,27,4
20240628,28/6/2024,2024,6,28,5
20240629,29/6/2024,2024,6,29,6
20240630,30/6/2024,2024,6,30,7
20240701,1/7/2024,2024,7,1,1
20240702,2/7/2024,2024,7,2,2
20240703,3/7/2024,2024,7,3,3
20240704,4/7/2024,2024,7,4,4
20240705,5/7/2024,2024,7,5,5
20240706,6/7/2024,2024,7,6,6
20240707,7/7/2024,2024,7,7,7
20240708,8/7/2024,2024,7,8,1
20240709,9/7/2024,2024,7,9,2
20240710,10/7/2024,2024,7,10,3
20240711,11/7/2024,2024,7,11,4
20240712,12/7/2024,2024,7,12,5
20240713,13/7/2024,2024,7,13,6
20240714,14/7/2024,2024,7,14,7
20240715,15/7/2024,2024,7,15,1
20240716,16/7/2024,2024,7,16,2
20240717,17/7/2024,2024,7,17,3
20240718,18/7/2024,2024,7,18,4
20240719,19/7/2024,2024,7,19,5
20240720,20/7/2024,2024,7,20,6
20240721,21/7/2024,2024,7,21,7
20240722,22/7/2024,2024,7,22,1
20240723,23/7/2024,2024,7,23,2
20240724,24/7/2024,2024,7,24,3
20240725,25/7/2024,2024,7,25,4
20240726,26/7/2024,2024,7,26,5
20240727,27/7/2024,2024,7,27,6
20240728,28/7/2024,2024,7,28,7
20240729,29/7/2024,2024,7,29,1
20240730,30/7/2024,2024,7,30,2
20240731,31/7/2024,2024,7,31,3
20240801,1/8/2024,2024,8,1,4
20240802,2/8/2024,2024,8,2,5
20240803,3/8/2024,2024,8,3,6
20240804,4/8/2024,2024,8,4,7
20240805,5/8/2024,2024,8,5,1
20240806,6/8/2024,2024,8,6,2
20240807,7/8/2024,2024,8,7,3
20240808,8/8/2024,2024,8,8,4
20240809,9/8/2024,2024,8,9,5
20240810,10/8/2024,2024,8,10,6
20240811,11/8/2024,2024,8,11,7
20240812,12/8/2024,2024,8,12,1
20240813,13/8/2024,2024,8,13,2
20240814,14/8/2024,2024,8,14,3
20240815,15/8/2024,2024,8,15,4
20240816,16/8/2024,2024,8,16,5
20240817,17/8/2024,2024,8,17,6
20240818,18/8/2024,2024,8,18,7
20240819,19/8/2024,2024,8,19,1
20240820,20/8/2024,2024,8,20,2
20240821,21/8/2024,2024,8,21,3
20240822,22/8/2024,2024,8,22,4
20240823,23/8/2024,2024,8,23,5
20240824,24/8/2024,2024,8,24,6
20240825,25/8/2024,2024,8,25,7
20240826,26/8/2024,2024,8,26,1
20240827,27/8/2024,2024,8,27,2
20240828,28/8/2024,2024,8,28,3
20240829,29/8/2024,2024,8,29,4
20240830,30/8/2024,2024,8,30,5
20240831,31/8/2024,2024,8,31,6
20240901,1/9/2024,2024,9,1,7
20240902,2/9/2024,2024,9,2,1
20240903,3/9/2024,2024,9,3,2
20240904,4/9/2024,2024,9,4,3
20240905,5/9/2024,2024,9,5,4
20240906,6/9/2024,2024,9,6,5
20240907,7/9/2024,2024,9,7,6
20240908,8/9/2024,2024,9,8,7
20240909,9/9/2024,2024,9,9,1
20240910,10/9/2024,2024,9,10,2
20240911,11/9/2024,2024,9,11,3
20240912,12/9/2024,2024,9,12,4
20240913,13/9/2024,2024,9,13,5
20240914,14/9/2024,2024,9,14,6
20240915,15/9/2024,2024,9,15,7
20240916,16/9/2024,2024,9,16,1
20240917,17/9/2024,2024,9,17,2
20240918,18/9/2024,2024,9,18,3
20240919,19/9/2024,2024,9,19,4
20240920,20/9/2024,2024,9,20,5
20240921,21/9/2024,2024,9,21,6
20240922,22/9/2024,2024,9,22,7
20240923,23/9/2024,2024,9,23,1
20240924,24/9/2024,2024,9,24,2
20240925,25/9/2024,2024,9,25,3
20240926,26/9/2024,2024,9,26,4
20240927,27/9/2024,2024,9,27,5
20240928,28/9/2024,2024,9,28,6
20240929,29/9/2024,2024,9,29,7
20240930,30/9/2024,2024,9,30,1
20241001,1/10/2024,2024,10,1,2
20241002,2/10/2024,2024,10,2,3
20241003,3/10/2024,2024,10,3,4
20241004,4/10/2024,2024,10,4,5
20241005,5/10/2024,2024,10,5,6
20241006,6/10/2024,2024,10,6,7
20241007,7/10/2024,2024,10,7,1
20241008,8/10/2024,2024,10,8,2
20241009,9/10/2024,2024,10,9,3
20241010,10/10/2024,2024,10,10,4
20241011,11/10/2024,2024,10,11,5
20241012,12/10/2024,2024,10,12,6
20241013,13/10/2024,2024,10,13,7
20241014,14/10/2024,2024,10,14,1
20241015,15/10/2024,2024,10,15,2
20241016,16/10/2024,2024,10,16,3
20241017,17/10/2024,2024,10,17,4
20241018,18/10/2024,2024,10,18,5
20241019,19/10/2024,2024,10,19,6
20241020,20/10/2024,2024,10,20,7
20241021,21/10/2024,2024,10,21,1
20241022,22/10/2024,2024,10,22,2
20241023,23/10/2024,2024,10,23,3
20241024,24/10/2024,2024,10,24,4
20241025,25/10/2024,2024,10,25,5
20241026,26/10/2024,2024,10,26,6
20241027,27/10/2024,2024,10,27,7
20241028,28/10/2024,2024,10,28,1
20241029,29/10/2024,2024,10,29,2
20241030,30/10/2024,2024,10,30,3
20241031,31/10/2024,2024,10,31,4
20241101,1/11/2024,2024,11,1,5
20241102,2/11/2024,2024,11,2,6
20241103,3/11/2024,2024,11,3,7
20241104,4/11/2024,2024,11,4,1
20241105,5/11/2024,2024,11,5,2
20241106,6/11/2024,2024,11,6,3
20241107,7/11/2024,2024,11,7,4
20241108,8/11/2024,2024,11,8,5
20241109,9/11/2024,2024,11,9,6
20241110,10/11/2024,2024,11,10,7
20241111,11/11/2024,2024,11,11,1
20241112,12/11/2024,2024,11,12,2
20241113,13/11/2024,2024,11,13,3
20241114,14/11/2024,2024,11,14,4
20241115,15/11/2024,2024,11,15,5
20241116,16/11/2024,2024,11,16,6
20241117,17/11/2024,2024,11,17,7
20241118,18/11/2024,2024,11,18,1
20241119,19/11/2024,2024,11,19,2
20241120,20/11/2024,2024,11,20,3
20241121,21/11/2024,2024,11,21,4
20241122,22/11/2024,2024,11,22,5
20241123,23/11/2024,2024,11,23,6
20241124,24/11/2024,2024,11,24,7
20241125,25/11/2024,2024,11,25,1
20241126,26/11/2024,2024,11,26,2
20241127,27/11/2024,2024,11,27,3
20241128,28/11/2024,2024,11,28,4
20241129,29/11/2024,2024,11,29,5
20241130,30/11/2024,2024,11,30,6
20241201,1/12/2024,2024,12,1,7
20241202,2/12/2024,2024,12,2,1
20241203,3/12/2024,2024,12,3,2
20241204,4/12/2024,2024,12,4,3
20241205,5/12/2024,2024,12,5,4
20241206,6/12/2024,2024,12,6,5
20241207,7/12/2024,2024,12,7,6
20241208,8/12/2024,2024,12,8,7
20241209,9/12/2024,2024,12,9,1
20241210,10/12/2024,2024,12,10,2
20241211,11/12/2024,2024,12,11,3
20241212,12/12/2024,2024,12,12,4
20241213,13/12/2024,2024,12,13,5
20241214,14/12/2024,2024,12,14,6
20241215,15/12/2024,2024,12,15,7
20241216,16/12/2024,2024,12,16,1
20241217,17/12/2024,2024,12,17,2
20241218,18/12/2024,2024,12,18,3
20241219,19/12/2024,2024,12,19,4
20241220,20/12/2024,2024,12,20,5
20241221,21/12/2024,2024,12,21,6
20241222,22/12/2024,2024,12,22,7
20241223,23/12/2024,2024,12,23,1
20241224,24/12/2024,2024,12,24,2
20241225,25/12/2024,2024,12,25,3
20241226,26/12/2024,2024,12,26,4
20241227,27/12/2024,2024,12,27,5
20241228,28/12/2024,2024,12,28,6
20241229,29/12/2024,2024,12,29,7
20241230,30/12/2024,2024,12,30,1
20241231,31/12/2024,2024,12,31,2
20250101,1/1/2025,2025,1,1,3
20250102,2/1/2025,2025,1,2,4
20250103,3/1/2025,2025,1,3,5
20250104,4/1/2025,2025,1,4,6
20250105,5/1/2025,2025,1,5,7
20250106,6/1/2025,2025,1,6,1
20250107,7/1/2025,2025,1,7,2
20250108,8/1/2025,2025,1,8,3
20250109,9/1/2025,2025,1,9,4
20250110,10/1/2025,2025,1,10,5
20250111,11/1/2025,2025,1,11,6
20250112,12/1/2025,2025,1,12,7
20250113,13/1/2025,2025,1,13,1
20250114,14/1/2025,2025,1,14,2
20250115,15/1/2025,2025,1,15,3
20250116,16/1/2025,2025,1,16,4
20250117,17/1/2025,2025,1,17,5
20250118,18/1/2025,2025,1,18,6
20250119,19/1/2025,2025,1,19,7
20250120,20/1/2025,2025,1,20,1
20250121,21/1/2025,2025,1,21,2
20250122,22/1/2025,2025,1,22,3
20250123,23/1/2025,2025,1,23,4
20250124,24/1/2025,2025,1,24,5
20250125,25/1/2025,2025,1,25,6
20250126,26/1/2025,2025,1,26,7
20250127,27/1/2025,2025,1,27,1
20250128,28/1/2025,2025,1,28,2
20250129,29/1/2025,2025,1,29,3
20250130,30/1/2025,2025,1,30,4
20250131,31/1/2025,2025,1,31,5
20250201,1/2/2025,2025,2,1,6
20250202,2/2/2025,2025,2,2,7
20250203,3/2/2025,2025,2,3,1
20250204,4/2/2025,2025,2,4,2
20250205,5/2/2025,2025,2,5,3
20250206,6/2/2025,2025,2,6,4
20250207,7/2/2025,2025,2,7,5
20250208,8/2/2025,2025,2,8,6
20250209,9/2/2025,2025,2,9,7
20250210,10/2/2025,2025,2,10,1
20250211,11/2/2025,2025,2,11,2
20250212,12/2/2025,2025,2,12,3
20250213,13/2/2025,2025,2,13,4
20250214,14/2/2025,2025,2,14,5
20250215,15/2/2025,2025,2,15,6
20250216,16/2/2025,2025,2,16,7
20250217,17/2/2025,2025,2,17,1
20250218,18/2/2025,2025,2,18,2
20250219,19/2/2025,2025,2,19,3
20250220,20/2/2025,2025,2,20,4
20250221,21/2/2025,2025,2,21,5
20250222,22/2/2025,2025,2,22,6
20250223,23/2/2025,2025,2,23,7
20250224,24/2/2025,2025,2,24,1
20250225,25/2/2025,2025,2,25,2
20250226,26/2/2025,2025,2,26,3
20250227,27/2/2025,2025,2,27,4
20250228,28/2/2025,2025,2,28,5
20250301,1/3/2025,2025,3,1,6
20250302,2/3/2025,2025,3,2,7
20250303,3/3/2025,2025,3,3,1
20250304,4/3/2025,2025,3,4,2
20250305,5/3/2025,2025,3,5,3
20250306,6/3/2025,2025,3,6,4
20250307,7/3/2025,2025,3,7,5
20250308,8/3/2025,2025,3,8,6
20250309,9/3/2025,2025,3,9,7
20250310,10/3/2025,2025,3,10,1
20250311,11/3/2025,2025,3,11,2
20250312,12/3/2025,2025,3,12,3
20250313,13/3/2025,2025,3,13,4
20250314,14/3/2025,2025,3,14,5
20250315,15/3/2025,2025,3,15,6
20250316,16/3/2025,2025,3,16,7
20250317,17/3/2025,2025,3,17,1
20250318,18/3/2025,2025,3,18,2
20250319,19/3/2025,2025,3,19,3
20250320,20/3/2025,2025,3,20,4
20250321,21/3/2025,2025,3,21,5
20250322,22/3/2025,2025,3,22,6
20250323,23/3/2025,2025,3,23,7
20250324,24/3/2025,2025,3,24,1
20250325,25/3/2025,2025,3,25,2
20250326,26/3/2025,2025,3,26,3
20250327,27/3/2025,2025,3,27,4
20250328,28/3/2025,2025,3,28,5
20250329,29/3/2025,2025,3,29,6
20250330,30/3/2025,2025,3,30,7
20250331,31/3/2025,2025,3,31,1
20250401,1/4/2025,2025,4,1,2
20250402,2/4/2025,2025,4,2,3
20250403,3/4/2025,2025,4,3,4
20250404,4/4/2025,2025,4,4,5
20250405,5/4/2025,2025,4,5,6
20250406,6/4/2025,2025,4,6,7
20250407,7/4/2025,2025,4,7,1
20250408,8/4/2025,2025,4,8,2
20250409,9/4/2025,2025,4,9,3
20250410,10/4/2025,2025,4,10,4
20250411,11/4/2025,2025,4,11,5
20250412,12/4/2025,2025,4,12,6
20250413,13/4/2025,2025,4,13,7
20250414,14/4/2025,2025,4,14,1
20250415,15/4/2025,2025,4,15,2
20250416,16/4/2025,2025,4,16,3
20250417,17/4/2025,2025,4,17,4
20250418,18/4/2025,2025,4,18,5
20250419,19/4/2025,2025,4,19,6
20250420,20/4/2025,2025,4,20,7
20250421,21/4/2025,2025,4,21,1
20250422,22/4/2025,2025,4,22,2
20250423,23/4/2025,2025,4,23,3
20250424,24/4/2025,2025,4,24,4
20250425,25/4/2025,2025,4,25,5
20250426,26/4/2025,2025,4,26,6
20250427,27/4/2025,2025,4,27,7
20250428,28/4/2025,2025,4,28,1
20250429,29/4/2025,2025,4,29,2
20250430,30/4/2025,2025,4,30,3
20250501,1/5/2025,2025,5,1,4
20250502,2/5/2025,2025,5,2,5
20250503,3/5/2025,2025,5,3,6
20250504,4/5/2025,2025,5,4,7
20250505,5/5/2025,2025,5,5,1
20250506,6/5/2025,2025,5,6,2
20250507,7/5/2025,2025,5,7,3
20250508,8/5/2025,2025,5,8,4
20250509,9/5/2025,2025,5,9,5
20250510,10/5/2025,2025,5,10,6
20250511,11/5/2025,2025,5,11,7
20250512,12/5/2025,2025,5,12,1
20250513,13/5/2025,2025,5,13,2
20250514,14/5/2025,2025,5,14,3
20250515,15/5/2025,2025,5,15,4
20250516,16/5/2025,2025,5,16,5
20250517,17/5/2025,2025,5,17,6
20250518,18/5/2025,2025,5,18,7
20250519,19/5/2025,2025,5,19,1
20250520,20/5/2025,2025,5,20,2
20250521,21/5/2025,2025,5,21,3
20250522,22/5/2025,2025,5,22,4
20250523,23/5/2025,2025,5,23,5
20250524,24/5/2025,2025,5,24,6
20250525,25/5/2025,2025,5,25,7
20250526,26/5/2025,2025,5,26,1
20250527,27/5/2025,2025,5,27,2
20250528,28/5/2025,2025,5,28,3
20250529,29/5/2025,2025,5,29,4
20250530,30/5/2025,2025,5,30,5
20250531,31/5/2025,2025,5,31,6
20250601,1/6/2025,2025,6,1,7
20250602,2/6/2025,2025,6,2,1
20250603,3/6/2025,2025,6,3,2
20250604,4/6/2025,2025,6,4,3
20250605,5/6/2025,2025,6,5,4
20250606,6/6/2025,2025,6,6,5
20250607,7/6/2025,2025,6,7,6
20250608,8/6/2025,2025,6,8,7
20250609,9/6/2025,2025,6,9,1
20250610,10/6/2025,2025,6,10,2
20250611,11/6/2025,2025,6,11,3
20250612,12/6/2025,2025,6,12,4
20250613,13/6/2025,2025,6,13,5
20250614,14/6/2025,2025,6,14,6
20250615,15/6/2025,2025,6,15,7
20250616,16/6/2025,2025,6,16,1
20250617,17/6/2025,2025,6,17,2
20250618,18/6/2025,2025,6,18,3
20250619,19/6/2025,2025,6,19,4
20250620,20/6/2025,2025,6,20,5
20250621,21/6/2025,2025,6,21,6
20250622,22/6/2025,2025,6,22,7
20250623,23/6/2025,2025,6,23,1
20250624,24/6/2025,2025,6,24,2
20250625,25/6/2025,2025,6,25,3
20250626,26/6/2025,2025,6,26,4
20250627,27/6/2025,2025,6,27,5
20250628,28/6/2025,2025,6,28,6
20250629,29/6/2025,2025,6,29,7
20250630,30/6/2025,2025,6,30,1
20250701,1/7/2025,2025,7,1,2
20250702,2/7/2025,2025,7,2,3
20250703,3/7/2025,2025,7,3,4
20250704,4/7/2025,2025,7,4,5
20250705,5/7/2025,2025,7,5,6
20250706,6/7/2025,2025,7,6,7
20250707,7/7/2025,2025,7,7,1
20250708,8/7/2025,2025,7,8,2
20250709,9/7/2025,2025,7,9,3
20250710,10/7/2025,2025,7,10,4
20250711,11/7/2025,2025,7,11,5
20250712,12/7/2025,2025,7,12,6
20250713,13/7/2025,2025,7,13,7
20250714,14/7/2025,2025,7,14,1
20250715,15/7/2025,2025,7,15,2
20250716,16/7/2025,2025,7,16,3
20250717,17/7/2025,2025,7,17,4
20250718,18/7/2025,2025,7,18,5
20250719,19/7/2025,2025,7,19,6
20250720,20/7/2025,2025,7,20,7
20250721,21/7/2025,2025,7,21,1
20250722,22/7/2025,2025,7,22,2
20250723,23/7/2025,2025,7,23,3
20250724,24/7/2025,2025,7,24,4
20250725,25/7/2025,2025,7,25,5
20250726,26/7/2025,2025,7,26,6
20250727,27/7/2025,2025,7,27,7
20250728,28/7/2025,2025,7,28,1
20250729,29/7/2025,2025,7,29,2
20250730,30/7/2025,2025,7,30,3
20250731,31/7/2025,2025,7,31,4
20250801,1/8/2025,2025,8,1,5
20250802,2/8/2025,2025,8,2,6
20250803,3/8/2025,2025,8,3,7
20250804,4/8/2025,2025,8,4,1
20250805,5/8/2025,2025,8,5,2
20250806,6/8/2025,2025,8,6,3
20250807,7/8/2025,2025,8,7,4
20250808,8/8/2025,2025,8,8,5
20250809,9/8/2025,2025,8,9,6
20250810,10/8/2025,2025,8,10,7
20250811,11/8/2025,2025,8,11,1
20250812,12/8/2025,2025,8,12,2
20250813,13/8/2025,2025,8,13,3
20250814,14/8/2025,2025,8,14,4
20250815,15/8/2025,2025,8,15,5
20250816,16/8/2025,2025,8,16,6
20250817,17/8/2025,2025,8,17,7
20250818,18/8/2025,2025,8,18,1
20250819,19/8/2025,2025,8,19,2
20250820,20/8/2025,2025,8,20,3
20250821,21/8/2025,2025,8,21,4
20250822,22/8/2025,2025,8,22,5
20250823,23/8/2025,2025,8,23,6
20250824,24/8/2025,2025,8,24,7
20250825,25/8/2025,2025,8,25,1
20250826,26/8/2025,2025,8,26,2
20250827,27/8/2025,2025,8,27,3
20250828,28/8/2025,2025,8,28,4
20250829,29/8/2025,2025,8,29,5
20250830,30/8/2025,2025,8,30,6
20250831,31/8/2025,2025,8,31,7
20250901,1/9/2025,2025,9,1,1
20250902,2/9/2025,2025,9,2,2
20250903,3/9/2025,2025,9,3,3
20250904,4/9/2025,2025,9,4,4
20250905,5/9/2025,2025,9,5,5
20250906,6/9/2025,2025,9,6,6
20250907,7/9/2025,2025,9,7,7
20250908,8/9/2025,2025,9,8,1
20250909,9/9/2025,2025,9,9,2
20250910,10/9/2025,2025,9,10,3
20250911,11/9/2025,2025,9,11,4
20250912,12/9/2025,2025,9,12,5
20250913,13/9/2025,2025,9,13,6
20250914,14/9/2025,2025,9,14,7
20250915,15/9/2025,2025,9,15,1
20250916,16/9/2025,2025,9,16,2
20250917,17/9/2025,2025,9,17,3
20250918,18/9/2025,2025,9,18,4
20250919,19/9/2025,2025,9,19,5
20250920,20/9/2025,2025,9,20,6
20250921,21/9/2025,2025,9,21,7
20250922,22/9/2025,2025,9,22,1
20250923,23/9/2025,2025,9,23,2
20250924,24/9/2025,2025,9,24,3
20250925,25/9/2025,2025,9,25,4
20250926,26/9/2025,2025,9,26,5
20250927,27/9/2025,2025,9,27,6
20250928,28/9/2025,2025,9,28,7
20250929,29/9/2025,2025,9,29,1
20250930,30/9/2025,2025,9,30,2
20251001,1/10/2025,2025,10,1,3
20251002,2/10/2025,2025,10,2,4
20251003,3/10/2025,2025,10,3,5
20251004,4/10/2025,2025,10,4,6
20251005,5/10/2025,2025,10,5,7
20251006,6/10/2025,2025,10,6,1
20251007,7/10/2025,2025,10,7,2
20251008,8/10/2025,2025,10,8,3
20251009,9/10/2025,2025,10,9,4
20251010,10/10/2025,2025,10,10,5
20251011,11/10/2025,2025,10,11,6
20251012,12/10/2025,2025,10,12,7
20251013,13/10/2025,2025,10,13,1
20251014,14/10/2025,2025,10,14,2
20251015,15/10/2025,2025,10,15,3
20251016,16/10/2025,2025,10,16,4
20251017,17/10/2025,2025,10,17,5
20251018,18/10/2025,2025,10,18,6
20251019,19/10/2025,2025,10,19,7
20251020,20/10/2025,2025,10,20,1
20251021,21/10/2025,2025,10,21,2
20251022,22/10/2025,2025,10,22,3
20251023,23/10/2025,2025,10,23,4
20251024,24/10/2025,2025,10,24,5
20251025,25/10/2025,2025,10,25,6
20251026,26/10/2025,2025,10,26,7
20251027,27/10/2025,2025,10,27,1
20251028,28/10/2025,2025,10,28,2
20251029,29/10/2025,2025,10,29,3
20251030,30/10/2025,2025,10,30,4
20251031,31/10/2025,2025,10,31,5
20251101,1/11/2025,2025,11,1,6
20251102,2/11/2025,2025,11,2,7
20251103,3/11/2025,2025,11,3,1
20251104,4/11/2025,2025,11,4,2
20251105,5/11/2025,2025,11,5,3
20251106,6/11/2025,2025,11,6,4
20251107,7/11/2025,2025,11,7,5
20251108,8/11/2025,2025,11,8,6
20251109,9/11/2025,2025,11,9,7
20251110,10/11/2025,2025,11,10,1
20251111,11/11/2025,2025,11,11,2
20251112,12/11/2025,2025,11,12,3
20251113,13/11/2025,2025,11,13,4
20251114,14/11/2025,2025,11,14,5
20251115,15/11/2025,2025,11,15,6
20251116,16/11/2025,2025,11,16,7
20251117,17/11/2025,2025,11,17,1
20251118,18/11/2025,2025,11,18,2
20251119,19/11/2025,2025,11,19,3
20251120,20/11/2025,2025,11,20,4
20251121,21/11/2025,2025,11,21,5
20251122,22/11/2025,2025,11,22,6
20251123,23/11/2025,2025,11,23,7
20251124,24/11/2025,2025,11,24,1
20251125,25/11/2025,2025,11,25,2
20251126,26/11/2025,2025,11,26,3
20251127,27/11/2025,2025,11,27,4
20251128,28/11/2025,2025,11,28,5
20251129,29/11/2025,2025,11,29,6
20251130,30/11/2025,2025,11,30,7
20251201,1/12/2025,2025,12,1,1
20251202,2/12/2025,2025,12,2,2
20251203,3/12/2025,2025,12,3,3
20251204,4/12/2025,2025,12,4,4
20251205,5/12/2025,2025,12,5,5
20251206,6/12/2025,2025,12,6,6
20251207,7/12/2025,2025,12,7,7
20251208,8/12/2025,2025,12,8,1
20251209,9/12/2025,2025,12,9,2
20251210,10/12/2025,2025,12,10,3
20251211,11/12/2025,2025,12,11,4
20251212,12/12/2025,2025,12,12,5
20251213,13/12/2025,2025,12,13,6
20251214,14/12/2025,2025,12,14,7
20251215,15/12/2025,2025,12,15,1
20251216,16/12/2025,2025,12,16,2
20251217,17/12/2025,2025,12,17,3
20251218,18/12/2025,2025,12,18,4
20251219,19/12/2025,2025,12,19,5
20251220,20/12/2025,2025,12,20,6
20251221,21/12/2025,2025,12,21,7
20251222,22/12/2025,2025,12,22,1
20251223,23/12/2025,2025,12,23,2
20251224,24/12/2025,2025,12,24,3
20251225,25/12/2025,2025,12,25,4
20251226,26/12/2025,2025,12,26,5
20251227,27/12/2025,2025,12,27,6
20251228,28/12/2025,2025,12,28,7
20251229,29/12/2025,2025,12,29,1
20251230,30/12/2025,2025,12,30,2
20251231,31/12/2025,2025,12,31,3
